"id","age","category","title_zh","title_en"
"1","10-12岁","双语阅读","一个陌生女人的来信","Letter from an Unknown Woman"
"2","7-9岁","双语阅读","觉醒","The Awakening"
"3","7-9岁","双语阅读","小城畸人","Winesburg\, Ohio"
"4","10-12岁","双语阅读","都柏林人","Dubliners"
"5","10-12岁","双语阅读","鲁滨孙漂流记","Robinson Crusoe"
"6","10-12岁","双语阅读","走投无路","End of the Tether"
"7","7-9岁","双语阅读","水仙号上的黑鬼","The Nigger of the Narcissus"
"8","10-12岁","双语阅读","苹果树","The Apple Tree"
"9","10-12岁","双语阅读","劝导","Persuasion"
"10","10-12岁","双语阅读","鼠疫","The Plague"
"11","10-12岁","双语阅读","简 爱","Jane Eyre"
"12","10-12岁","双语阅读","远大前程","Great Expectations"
"13","10-12岁","双语阅读","雾都孤儿","Oliver Twist"
"14","10-12岁","双语阅读","了不起的盖茨比","The Great Gatsby"
"15","7-9岁","双语阅读","戴西 米勒","Daisy Miller"
"16","10-12岁","双语阅读","伊凡 伊里奇之死","The Death of Ivan Ilych"
"17","7-9岁","双语阅读","童年","Childhood　　"
"18","10-12岁","双语阅读","吝啬鬼","The Miser"
"19","10-12岁","双语阅读","卡门","Carmen"
"20","7-9岁","双语阅读","科隆巴","Colomba"
"21","10-12岁","双语阅读","双重人格","The Double"
"22","10-12岁","双语阅读","黑郁金香","The Black Tulip"
"23","10-12岁","双语阅读","变形记","The Metamorphosis"
"24","10-12岁","双语阅读","秘密花园","The Secret Garden"
"25","10-12岁","双语阅读","教师","The Professor"
"26","10-12岁","双语阅读","地下城","The Underground City"
"27","7-9岁","双语阅读","神秘岛","The Mysterious Island"
"28","10-12岁","双语阅读","从地球到月球","From the Earth to the Moon"
"29","10-12岁","双语阅读","水晶蛋","The Crystal Egg"
"30","10-12岁","双语阅读","新型加速剂","The New Accelerator"
"31","10-12岁","双语阅读","时光机器","Time Machine"
"32","7-9岁","双语阅读","三人同舟","Three Men in a Boat"
"33","10-12岁","双语阅读","懒人闲思录","Idle Thoughts of an Idle Fellow"
"34","7-9岁","双语阅读","海浪","The Waves"
"35","10-12岁","双语阅读","小人物日记","The Diary of a Nobody"
"36","7-9岁","双语阅读","雅各布哥哥","Brother Jacob"
"37","10-12岁","双语阅读","卡特里奥娜","Catriona"
"38","10-12岁","双语阅读","金银岛","Treasure Island"
"39","7-9岁","双语阅读","英国的文艺复兴","The English Renaissance of Art"
"40","10-12岁","双语阅读","石榴屋童话集","A House of Pomegranates"
"41","10-12岁","双语阅读","平凡人和他的妻子","The Plain Man and His Wife"
"42","10-12岁","双语阅读","悠游度过一天的24小时","How to Live on Twenty-Four Hours a Day"
"43","7-9岁","双语阅读","寻找精神家园","Letters to a Spiritual Seeker"
"44","10-12岁","双语阅读","琐事集","All Trivia"
"45","7-9岁","双语阅读","芝麻与百合","Sesame and Lilies"
"46","10-12岁","双语阅读","文艺复兴","The Renaissance"
"47","10-12岁","双语阅读","漫游东西世界","Roving East and Roving West"
"48","7-9岁","双语阅读","四季随笔","The Private Papers of Henry Ryecroft"
"49","7-9岁","双语阅读","塞文山驴伴之旅","Travels with a Donkey in the Cevennes"
"50","10-12岁","双语阅读","我的知识之路","Autobiography of John Stuart Mill"
"51","10-12岁","双语阅读","我的童年","My Childhood"
"52","7-9岁","双语阅读","凯尔特的薄暮","The Celtic Twilight"
"53","10-12岁","双语阅读","小王子","The Little Prince"
"54","7-9岁","双语阅读","鞋","Shoes"
"55","10-12岁","双语阅读","迷人的侧影","The Enchanted Profile"
"56","10-12岁","双语阅读","生活的陀螺","The Whirligig Of Life"
"57","7-9岁","双语阅读","新婚的姊妹们","Sisters of the Golden Circle"
"58","7-9岁","双语阅读","城市佬","Man about Town"
"59","7-9岁","双语阅读","华而不实","Lost on Dress Parade"
"60","7-9岁","双语阅读","二十年后","After Twenty Years"
"61","7-9岁","双语阅读","自然调节","An Adjustment of Nature"
"62","7-9岁","双语阅读","回合之间","Between Rounds"
"63","7-9岁","双语阅读","口信","By Courier"
"64","10-12岁","双语阅读","托宾的手相","Tobin’s Palm"
"65","7-9岁","双语阅读","三叶草和棕榈树","Shamrock and the Palm"
"66","10-12岁","双语阅读","爱的牺牲","A Service of Love"
"67","7-9岁","双语阅读","一千美元","One Thousand Dollars"
"68","10-12岁","双语阅读","闪锌矿的卖主","A Blackjack Bargainer"
"69","10-12岁","双语阅读","黄狗自传","Memoirs of a Yellow Dog"
"70","10-12岁","双语阅读","红酋长的赎金","The Ransom of Red Chief"
"71","10-12岁","双语阅读","绿门","The Green Door"
"72","10-12岁","双语阅读","带家具出租的房间","The Furnished Room"
"73","7-9岁","双语阅读","钟摆","The Pendulum"
"74","10-12岁","双语阅读","警察与赞美诗","The Cop and the Anthem"
"75","10-12岁","双语阅读","圣贤的礼物","The Gift of The Magi"
"76","10-12岁","双语阅读","失语漫游","A Ramble in Aphasia"
"77","7-9岁","双语阅读","丛林中的孩子","Babies in the Jungle"
"78","10-12岁","双语阅读","第五个车轮","The Fifth Wheel"
"79","7-9岁","双语阅读","姑娘和骗局","The Girl and the Graft"
"80","7-9岁","双语阅读","闪光的金子","The Gold That Glittered"
"81","7-9岁","双语阅读","诗人与乡巴佬","The Poet and the Peasant"
"82","10-12岁","双语阅读","安宁的长袍","The Robe of Peace"
"83","7-9岁","双语阅读","哈里发、丘比特和时钟","The Caliph\, Cupid and the Clock"
"84","7-9岁","双语阅读","带天窗的房间","The Skylight Room"
"85","7-9岁","双语阅读","一个离奇的故事","A Strange Story"
"86","10-12岁","双语阅读","与睡神抗争","At Arms with Morpheus"
"87","10-12岁","双语阅读","恭贺佳节","Compliments of the Season"
"88","10-12岁","双语阅读","同病相怜","Makes the Whole World Kin"
"89","10-12岁","双语阅读","决斗","The Duel"
"90","7-9岁","双语阅读","最后的行吟诗人","The Last of the Troubadours"
"91","7-9岁","双语阅读","最后的处方","Let Me Feel Your Pulse"
"92","10-12岁","双语阅读","沙姆罗克 乔尔摩斯历险记","The Adventures of Shamrock Jolnes"
"93","10-12岁","双语阅读","“干谷”约翰逊的小阳春","The Indian Summer of Dry Valley Johnson"
"94","7-9岁","双语阅读","公主与美洲狮","The Princess and the Puma"
"95","7-9岁","双语阅读","麦克的赎金","The Ransom of Mack"
"96","7-9岁","双语阅读","巴格达之鸡","A Bird of Bagdad"
"97","10-12岁","双语阅读","哈里发和莽汉","The Caliph and the Cad"
"98","7-9岁","双语阅读","带磨坊的教堂","The Church with an Overshot-Wheel"
"99","10-12岁","双语阅读","复活日那天","The Day Resurgent"
"100","7-9岁","双语阅读","姑娘与习惯","The Girl and the Habit"
"101","10-12岁","双语阅读","灵魂和摩天大楼","Psyche and the Pskyscraper"
"102","10-12岁","双语阅读","新天方夜谭","A Night in New Arabia"
"103","7-9岁","双语阅读","风险家","The Ventures"
"104","7-9岁","双语阅读","篝火旁的纽约","New York by Campfire Light"
"105","7-9岁","双语阅读","最后一片藤叶","The Last Leaf"
"106","10-12岁","双语阅读","瓶中手稿","Ms. Found in a Bottle"
"107","7-9岁","双语阅读","绝境","A Predicament"
"108","10-12岁","双语阅读","言语的力量","The Power of Words"
"109","10-12岁","双语阅读","骗术","Diddling"
"110","10-12岁","双语阅读","跳蛙","Hop-Frog"
"111","10-12岁","双语阅读","同木乃伊对话","Some Words with a Mummy"
"112","7-9岁","双语阅读","焦油博士和羽毛教授的疗法","The System of Dr. Tarr and Prof. Fether"
"113","7-9岁","双语阅读","眼镜","The Spectacles"
"114","7-9岁","双语阅读","生意人","The Business Man"
"115","7-9岁","双语阅读","斯芬克司","The Sphinx"
"116","7-9岁","双语阅读","钟楼里的魔鬼","The Devil in the Belfry"
"117","10-12岁","双语阅读","气球骗局","The Balloon-Hoax"
"118","7-9岁","双语阅读","一桶白葡萄酒","The Cask of Amontillado"
"119","10-12岁","双语阅读","辛格姆 鲍勃先生的文学生涯","Literary Life of Thingum Bob"
"120","10-12岁","双语阅读","红死病魔的面具","The Masque of the Red Death"
"121","10-12岁","双语阅读","一次电话交谈","A Telephonic Conversation"
"122","10-12岁","双语阅读","威廉三世的肖像","Portrait of King William III"
"123","7-9岁","双语阅读","躺在床上的危险","The Danger of Lying in Bed"
"124","10-12岁","双语阅读","第一台打字机","The First Writing-Machines"
"125","7-9岁","双语阅读","时尚一例","A Fashion Item"
"126","10-12岁","双语阅读","历史重现","History Repeats Itself"
"127","7-9岁","双语阅读","尊为奇人","Honored as a Curiosity"
"128","7-9岁","双语阅读","中国人约翰在纽约","John Chinaman in New York"
"129","10-12岁","双语阅读","一只狗的故事","A Dog’s Tale"
"130","10-12岁","双语阅读","运气","Luck"
"131","7-9岁","双语阅读","竞选州长","Running for Governor"
"132","10-12岁","双语阅读","科学对阵运气","The Science vs Luck"
"133","10-12岁","双语阅读","殡仪员的闲谈","The Undertaker’s Chat"
"134","7-9岁","双语阅读","办公室里的讨厌鬼","The Office Bore"
"135","7-9岁","双语阅读","饲养家禽","To Raise Poultry"
"136","7-9岁","双语阅读","“两岁婴孩”的妙语","Wit Inspirations of the “Two-Year-Olds”"
"137","7-9岁","双语阅读","我的前参议员秘书生涯","My Late Senatorial Secretaryship"
"138","7-9岁","双语阅读","圣经故事全景画家","The Scriptural Panoramist"
"139","7-9岁","双语阅读","经过修订的讣告","Amended Obituaries"
"140","10-12岁","双语阅读","猎捕狡猾的火鸡","Hunting the Deceitful Turkey"
"141","10-12岁","双语阅读","已故的本杰明 富兰克林","The Late Benjamin Franklin"
"142","7-9岁","双语阅读","爱尔兰的“教派口号”","“Party Cries” In Ireland"
"143","7-9岁","双语阅读","一位健康的老人","A Fine Old Man"
"144","10-12岁","双语阅读","一次神秘的拜访","A Mysterious Visit"
"145","7-9岁","双语阅读","漫谈理发师","About Barbers"
"146","10-12岁","双语阅读","给小女孩的忠告","Advice to Little Girls"
"147","10-12岁","双语阅读","餐后致辞","After-Dinner Speech"
"148","10-12岁","双语阅读","一篇有趣的文章","An Entertaining Article"
"149","10-12岁","双语阅读","诙谐自传","Burleque Biography"
"150","7-9岁","双语阅读","人生的五种恩赐","The Five Boons of Life"
"151","10-12岁","双语阅读","王子与贫儿","The Prince and the Pauper"
"152","7-9岁","双语阅读","汤姆 索耶在国外","Tom Sawyer Abroad"
"153","10-12岁","双语阅读","汤姆 索耶探案","Tom Sawyer\, Detective"
"154","10-12岁","双语阅读","棕色的沃尔夫","Brown Wolf"
"155","7-9岁","双语阅读","有伤疤的人","The Man with the Gash"
"156","7-9岁","双语阅读","疑犯从宽","The Benefit of the Doubt"
"157","10-12岁","双语阅读","意外","The Unexpected"
"158","7-9岁","双语阅读","在甲板的天棚下","Under the Deck Awnings"
"159","10-12岁","双语阅读","强者的力量","The Strength of the Strong"
"160","7-9岁","双语阅读","太多金子","Too Much Gold"
"161","7-9岁","双语阅读","黄金谷","All Gold Canon"
"162","7-9岁","双语阅读","故事的结局","The End of the Story"
"163","10-12岁","双语阅读","为赶路的人干杯","To the Man on the Trail"
"164","7-9岁","双语阅读","老头子同盟","The League of the Old Men"
"165","7-9岁","双语阅读","克里斯 法林顿  一等水手","Chris Farrington\, Able Seaman"
"166","10-12岁","双语阅读","陈阿春","Chun Ah Chun"
"167","10-12岁","双语阅读","圆脸","Moon-Face"
"168","10-12岁","双语阅读","老秃子","Old Baldy"
"169","7-9岁","双语阅读","带翅膀的勒索信","Winged Blackmail"
"170","7-9岁","双语阅读","终结","Fins"
"171","10-12岁","双语阅读","只是肉而已","Just Meat"
"172","7-9岁","双语阅读","叛逆者","The Apostate"
"173","7-9岁","双语阅读","杀人","To Kill a Man"
"174","7-9岁","双语阅读","爬上陡坡","Up The Slide"
"175","10-12岁","双语阅读","两个骗子","Two Gold Bricks"
"176","7-9岁","双语阅读","在江户海湾","In Yeddo Bay"
"177","10-12岁","双语阅读","击退登船的人","To Repel Boarders"
"178","7-9岁","双语阅读","远在他乡","In a Far Country"
"179","10-12岁","双语阅读","女人的刚毅","Grit of Women"
"180","7-9岁","双语阅读","丢脸先生","Lost Face"
"181","10-12岁","双语阅读","基斯，老基斯之子","Keesh\, Son of Keesh"
"182","10-12岁","双语阅读","在流口水病房里讲的故事","Told in the Drooling Ward"
"183","10-12岁","双语阅读","生活对我意味着什么","What Life Means to Me"
"184","7-9岁","双语阅读","当世界还年轻的时候","When the World Was Young"
"185","7-9岁","双语阅读","英俊的船舱侍者","The Handsome Cabin Boy"
"186","10-12岁","双语阅读","光脸熊","Bald-Face"
"187","7-9岁","双语阅读","金光","Flush of Gold"
"188","7-9岁","双语阅读","莫基","Mauki"
"189","7-9岁","双语阅读","世界公敌","The Enemy of All the World"
"190","7-9岁","双语阅读","形体的永恒","The Eternity of Forms"
"191","10-12岁","双语阅读","战争","War"
"192","10-12岁","双语阅读","歌利亚","Goliah"
"193","7-9岁","双语阅读","以活下去为职责的人","Whose Business Is to Live"
"194","7-9岁","双语阅读","那只斑点狗","That Spot"
"195","10-12岁","双语阅读","酒后之勇","Dutch Courage"
"196","7-9岁","双语阅读","再见，杰克","Good-Bye\, Jack!"
"197","7-9岁","双语阅读","热爱生命","Love of Life"
"198","10-12岁","双语阅读","北方的奥德赛","An Odyssey of the North"
"199","7-9岁","双语阅读","一块牛排","A Piece of Steak"
"200","7-9岁","双语阅读","业余爱好者之夜","Amateur Night"
"201","10-12岁","双语阅读","扶乩","Planchette"
"202","7-9岁","双语阅读","当艾丽斯向上帝告解","When Alice Told Her Soul"
"203","10-12岁","双语阅读","拳头","Bunches of Knuckles"
"204","10-12岁","双语阅读","唷！唷！唷！","Yah! Yah! Yah!"
"205","10-12岁","双语阅读","空中冒险","An Adventure in the Upper Sea"
"206","10-12岁","双语阅读","纳姆－博克，不诚实的人","Nam-Bok\, the Unveracious"
"207","10-12岁","双语阅读","塞缪尔","Samuel"
"208","10-12岁","双语阅读","森珀 艾德姆","Semper Idem"
"209","10-12岁","双语阅读","胫骨骨骸","Shin-Bones"
"210","7-9岁","双语阅读","歧途末路","Where the Trail Forks"
"211","7-9岁","双语阅读","在塔斯曼的乌龟旁","By the Turtles of Tasman"
"212","7-9岁","双语阅读","像古代的阿格斯","Like Argus of the Ancient Times"
"213","7-9岁","双语阅读","拳赛","The Game"
"214","7-9岁","双语阅读","一千打","The One Thousand Dozen"
"215","10-12岁","双语阅读","铁蹄","The Iron Heel"
"216","10-12岁","双语阅读","野性的呼唤","The Call of the Wild"
"217","7-9岁","双语阅读","马丁 伊登","Martin Eden"
"218","7-9岁","双语阅读","黑人渔夫萨姆历险记","The Adventure of Sam\, the Black Fisherman"
"219","10-12岁","双语阅读","魔鬼和汤姆 沃克","The Devil and Tom Walker"
"220","7-9岁","双语阅读","强盗首领的故事","The Story of the Bandit Chieftain"
"221","7-9岁","双语阅读","年轻强盗的故事","The Story of the Young Robber"
"222","7-9岁","双语阅读","神秘画像的奇遇","The Adventure of the Mysterious Picture"
"223","7-9岁","双语阅读","鬼门关","Hell Gate"
"224","7-9岁","双语阅读","海盗基德","Kidd the Pirate"
"225","7-9岁","双语阅读","迟来的旅客","The Belated Travellers"
"226","10-12岁","双语阅读","泰拉奇纳的旅店","The Inn at Terracina"
"227","7-9岁","双语阅读","波普金斯历险记","The Adventure of the Popkins Family"
"228","7-9岁","双语阅读","德国学生的奇遇","The Adventure of the German Student"
"229","10-12岁","双语阅读","英国人历险记","The Adventure of the Englishman"
"230","10-12岁","双语阅读","矮小考古家的奇遇","The Adventure of the Little Antiquary"
"231","7-9岁","双语阅读","神秘陌生人的奇遇","The Adventure of the Mysterious Stranger"
"232","7-9岁","双语阅读","英国还是男人的国家吗","Is England Still a Man’s Country"
"233","7-9岁","双语阅读","作画","Making Pictures"
"234","7-9岁","双语阅读","回乡","Return to Bestwood"
"235","10-12岁","双语阅读","真实的自我","Myself Revealed"
"236","7-9岁","双语阅读","性的魅力","Sex Appeal"
"237","10-12岁","双语阅读","墙上的那些画","Pictures on the Walls"
"238","10-12岁","双语阅读","被文明奴役","Enslaved by Civilisation"
"239","7-9岁","双语阅读","出人头地","Getting On"
"240","10-12岁","双语阅读","诺丁汉矿乡杂记","Nottingham and the Mining Countryside"
"241","7-9岁","双语阅读","白丝袜","The White Stocking"
"242","10-12岁","双语阅读","生病的矿工","A Sick Collier"
"243","7-9岁","双语阅读","范妮与安妮","Fanny and Annie"
"244","7-9岁","双语阅读","两只蓝鸟","Two Blue Birds"
"245","10-12岁","双语阅读","洗礼","The Christening"
"246","7-9岁","双语阅读","太阳","Sun"
"247","10-12岁","双语阅读","母与女","Mother and Daughter"
"248","7-9岁","双语阅读","英格兰，我的英格兰","England\, My England"
"249","7-9岁","双语阅读","阿道夫","Adolf"
"250","10-12岁","双语阅读","美妇人","The Lovely Lady"
"251","7-9岁","双语阅读","吉米和绝望的女人","Jimmy and the Desperate Woman"
"252","7-9岁","双语阅读","菊香","Odour of Chrysanthemums"
"253","7-9岁","双语阅读","萨姆森和德莱拉","Samson and Delilah"
"254","7-9岁","双语阅读","轮到她了","Her Turn"
"255","10-12岁","双语阅读","骑木马的优胜者","The Rocking-Horse Winner"
"256","10-12岁","双语阅读","公主","The Princess"
"257","10-12岁","双语阅读","春天的阴影","The Shades of Spring"
"258","10-12岁","双语阅读","你摸了我","You Touched Me"
"259","7-9岁","双语阅读","肉中刺","The Thorn in the Flesh"
"260","10-12岁","双语阅读","玫瑰花园里的暗影","The Shadow in the Rose Garden"
"261","10-12岁","双语阅读","狐狸","The Fox"
"262","10-12岁","双语阅读","盲人","The Blind Man"
"263","10-12岁","双语阅读","骑马而去的女子","The Woman Who Rode Away"
"264","10-12岁","双语阅读","格林童话（一）","Grimm's Fairy Tales Ⅰ"
"265","7-9岁","双语阅读","伊索寓言（一）","Aesop's Fables Ⅰ"
"266","10-12岁","双语阅读","伊索寓言（二）","Aesop's Fables Ⅱ"
"267","10-12岁","双语阅读","伊索寓言（三）","Aesop's Fables Ⅲ"
"268","10-12岁","双语阅读","伊索寓言（四）","Aesop's Fables Ⅳ"
"269","7-9岁","双语阅读","伊索寓言（五）","Aesop's Fables Ⅴ"
"270","10-12岁","双语阅读","年轻的古德曼 布朗","Young Goodman Brown"
"271","10-12岁","双语阅读","小水仙","Little Daffydowndilly"
"272","10-12岁","双语阅读","客迈拉","The Chimera"
"273","10-12岁","双语阅读","西弗尔 埃瑟里奇","Sylph Etherege"
"274","7-9岁","双语阅读","手稿中的魔鬼","The Devil in Manuscript"
"275","7-9岁","双语阅读","古老的泰孔德罗加","Old Ticonderoga"
"276","7-9岁","双语阅读","石人","The Man of Adamant"
"277","10-12岁","双语阅读","威廉 菲普斯爵士","Sir William Phips"
"278","10-12岁","双语阅读","遗孀","The Wives of the Dead"
"279","10-12岁","双语阅读","胎痣","The Birthmark"
"280","10-12岁","双语阅读","坎特伯雷的朝圣者","The Canterbury Pilgrims"
"281","10-12岁","双语阅读","蓓蕾和鸟鸣","Buds and Bird Voices"
"282","7-9岁","双语阅读","三个金苹果","The Three Golden Apples"
"283","10-12岁","双语阅读","得了条明眼狗","Get a Seeing-Eyed Dog"
"284","7-9岁","双语阅读","度夏的人们","Summer People"
"285","10-12岁","双语阅读","蝴蝶和坦克","The Butterfly and the Tank"
"286","10-12岁","双语阅读","越野滑雪","Cross-Country Snow"
"287","10-12岁","双语阅读","小小说","A Very Short Story"
"288","10-12岁","双语阅读","贵族之家","A House of Gentlefolk"
"289","7-9岁","双语阅读","春潮","The Torrents of Spring"
"290","7-9岁","双语阅读","木木","Mumu"
"291","7-9岁","双语阅读","罗亭","Rudin"
"292","10-12岁","双语阅读","前夜","On the Eve"
"293","7-9岁","双语阅读","初恋","First Love"
"294","10-12岁","双语阅读","戈迪萨尔二世","Gaudissart Ⅱ"
"295","7-9岁","双语阅读","红房子旅馆","The Red Inn"
"296","7-9岁","双语阅读","神秘的杰作","The Hidden Masterpiece"
"297","7-9岁","双语阅读","新兵","The Recruit"
"298","10-12岁","双语阅读","菲尔米亚尼夫人","Madame Firmiani"
"299","10-12岁","双语阅读","妇女研究","Study of a Woman"
"300","10-12岁","双语阅读","海滨惨剧","A Drama on the Seashore"
"301","7-9岁","双语阅读","妇女再研究","Another Study of Woman"
"302","10-12岁","双语阅读","长寿药水","The Elixir of Life"
"303","10-12岁","双语阅读","老姑娘","An Old Maid"
"304","10-12岁","双语阅读","发明家的苦难","Eve and David"
"305","7-9岁","双语阅读","古物陈列室","The Collection of Antiquities"
"306","7-9岁","双语阅读","欧仁妮 葛朗台","Eugenie Grandet"
"307","7-9岁","双语阅读","公务员","Bureaucracy"
"308","10-12岁","双语阅读","婚约","A Marriage Contract"
"309","10-12岁","双语阅读","高老头","Father Goriot"
"310","10-12岁","双语阅读","莫黛斯特 米尼翁","Modeste Mignon"
"311","10-12岁","双语阅读","夜阑","Late at Night"
"312","10-12岁","双语阅读","男爵","The Baron"
"313","10-12岁","双语阅读","幸福","Bliss"
"314","10-12岁","双语阅读","帕克妈妈的一生","Life of Ma Parker"
"315","10-12岁","双语阅读","一杯茶","A Cup of Tea"
"316","10-12岁","双语阅读","鸽子先生和鸽子太太","Mr. and Mrs. Dove"
"317","10-12岁","双语阅读","雷金纳德的一天","Mr. Reginald Peacock’s Day"
"318","10-12岁","双语阅读","唱歌课","The Singing Lesson"
"319","10-12岁","双语阅读","画册的一页","Feuille d’Album"
"320","10-12岁","双语阅读","陌生人","The Stranger"
"321","10-12岁","双语阅读","男爵夫人的妹妹","The Sister of the Baroness"
"322","7-9岁","双语阅读","心理","Psychology"
"323","7-9岁","双语阅读","花园茶会","The Garden Party"
"324","10-12岁","双语阅读","女掌柜","The Woman at the Store"
"401","10-12岁","双语阅读","寓言一则","A Fable"
"402","10-12岁","双语阅读","鬼故事","A Ghost Story"
"403","10-12岁","双语阅读","怪物之母","A Mother of Monsters"
"404","7-9岁","双语阅读","一座新比彻教堂","A New Beecher Church "
"405","10-12岁","双语阅读","魔球小子和坏人","Ball-Carrier and the Bad One"
"406","7-9岁","双语阅读","乔治·华盛顿外传","Brief Biographical Sketch of George Washington"
"407","7-9岁","双语阅读","招供","Confessing"
"408","7-9岁","双语阅读","牢骚父亲","Father Grumbler"
"409","10-12岁","双语阅读","懦夫盖拉尔德受惩记","How Geirald the Coward was Punished"
"410","7-9岁","双语阅读","德国萨根菲尔德的传说","Legend of Sagenfeld, in Germany"
"411","7-9岁","双语阅读","尼亚加拉","Niagara"
"412","10-12岁","双语阅读","犹大老爹","Old Judas"
"413","7-9岁","双语阅读","跛子","The Cripple"
"414","10-12岁","双语阅读","聪明的兔子","The Cunning Hare"
"415","7-9岁","双语阅读","科蒙戈树的神圣汁液","The Sacred Milk of Koumongoe"
"416","7-9岁","双语阅读","被偷的白象","The Stolen White Elephant"
"417","7-9岁","双语阅读","坏孩子的故事","The Story of the Bad Little Boy"
"418","10-12岁","双语阅读","好孩子的故事","The Story of the Good Little Boy"
"419","10-12岁","双语阅读","亚拉的故事","The Story of the Yara"
"420","10-12岁","双语阅读","替身","The Substitute"
"421","10-12岁","双语阅读","真实的故事","The True Story"
"422","10-12岁","双语阅读","我生命的转折点","The Turning-Point of My Life "
"423","10-12岁","双语阅读","海龟和他的新娘","The Turtle and His Bride"
"424","7-9岁","双语阅读","白猿","The White Monkey"
"425","10-12岁","双语阅读","脱胎换骨的人","A Changed Man"
"426","10-12岁","双语阅读","“恐怖统治”时期的一名委员","A Committee-Man of ‘The Terror’"
"427","10-12岁","双语阅读","一笔买卖","A Sale"
"428","7-9岁","双语阅读","月光","Clair de Lune"
"429","7-9岁","双语阅读","晚到的骑兵","Enter a Dragoon"
"430","10-12岁","双语阅读","插曲","Episode"
"431","10-12岁","双语阅读","我是如何编辑农业报的","How I Edited An Agricultural Paper"
"432","7-9岁","双语阅读","",""
"433","10-12岁","双语阅读","约翰·霍斯利爵士","Master John Horseleigh, Knight"
"434","7-9岁","双语阅读","我们的信","Our Letters"
"435","7-9岁","双语阅读","自杀事件","Suicides"
"436","7-9岁","双语阅读","铜指环","The Bronze Ring"
"437","7-9岁","双语阅读","奇怪的梦","The Curious Dream"
"438","10-12岁","双语阅读","巴伦特雷少爷","The Master of Ballantrae"
"439","10-12岁","双语阅读","学发抖的年轻人","The Tale of a Youth Who Set Out to Learn What Fear Was"
"440","10-12岁","双语阅读","阿斯木得和西格尼","Asmund and Signy"
"441","10-12岁","双语阅读","刽子手","El Verdugo"
"442","7-9岁","双语阅读","哈博基","Habogi"
"443","10-12岁","双语阅读","带球人是怎样完成他的任务的","How Ball-Carrier Finished His Task"
"444","7-9岁","双语阅读","弟弟救哥哥","How the Little Brother Set Free His Big Brothers"
"445","7-9岁","双语阅读","一只名叫基萨的猫","Kisa the Cat"
"446","7-9岁","双语阅读","十月和六月"," October and June"
"447","7-9岁","双语阅读","鲁贝察尔","Rubezahl"
"448","10-12岁","双语阅读","想战胜命运的国王","Story of the King Who Would Be Stronger Than Fate"
"449","7-9岁","双语阅读","一只乌龟的故事和一只淘气猴子的故事","Tale of a Tortoise and of a Mischievous Monkey"
"450","7-9岁","双语阅读","天气寒暄冠军","The Champion of the Weather"
"451","10-12岁","双语阅读","我们庆祝的日子","The Day We Celebrate"
"452","7-9岁","双语阅读","迦梨女神的钻石","The Diamond of Kali"
"453","10-12岁","双语阅读","四十大盗","The Forty Thieves"
"454","7-9岁","双语阅读","狐狸和拉普人","The Fox and the Lapp"
"455","10-12岁","双语阅读","大科尼岛","The Greater Coney"
"456","10-12岁","双语阅读","老鼠嫁女","The Husband of the Rat’s Daughter"
"457","10-12岁","双语阅读","尤利乌斯·恺撒之死的“本地报道”","The Killing of Julius Caesar “Localized”"
"458","10-12岁","双语阅读","鱼骑士","The Knights of the Fish"
"459","10-12岁","双语阅读","高高在上的女士","The Lady Higher up"
"460","10-12岁","双语阅读","德意志军团里忧郁的轻骑兵","The Melancholy Hussar of the German Legion"
"461","10-12岁","双语阅读","美人鱼与男孩","The Mermaid and the Boy"
"462","10-12岁","双语阅读","城市的骄傲","The Pride of the Cities"
"463","7-9岁","双语阅读","普鲁士军官","The Prussian Officer"
"464","10-12岁","双语阅读","太阳妹妹","The Sister of the Sun"
"465","10-12岁","双语阅读","林中的睡美人","The Sleeping Beauty in the Wood"
"466","10-12岁","双语阅读","侦探","The Sleuths"
"467","10-12岁","双语阅读","邪恶的狼獾","The Wicked Wolverine"
"468","10-12岁","双语阅读","博妻欢心","To Please His Wife"
"469","7-9岁","双语阅读","马丁·伯尼的转变","Transformation of Martin Burney"
"470","10-12岁","双语阅读","",""
"471","7-9岁","双语阅读","玫瑰对柏树做了什么[1]","What the Rose did to the Cypress[1]"
"472","10-12岁","双语阅读","谁的丈夫更蠢","Which Was the Foolishest"
"473","7-9岁","双语阅读","彗星来临","In the Days of the Comet"
"474","10-12岁","双语阅读","无神论者做弥撒","The Atheist’s Mass"
"475","10-12岁","双语阅读","法西诺·卡内","Facino Cane"
"476","10-12岁","双语阅读","信使","The Message"
"477","7-9岁","双语阅读","地狱之火","The Plutonian Fire"
"478","7-9岁","双语阅读","地下餐馆和玫瑰花","The Rathskeller and the Rose"
"479","7-9岁","双语阅读","命运的震荡","The Shocks of Doom"
"480","7-9岁","双语阅读","汽车等待的时候","While the Auto Waits"
"481","10-12岁","双语阅读","刎颈之交","Telemachus, friend"
"482","10-12岁","双语阅读","丢失的琴弦","The Missing Chord"
"483","7-9岁","双语阅读","不过是插曲罢了","A Mere Interlude"
"484","7-9岁","双语阅读","拉里尔舞曲的小提琴手","The Fiddler of the Reels"
"485","10-12岁","双语阅读","牧羊人之所见：四个月夜的故事","What the Shepherd Saw: A Tale of Four Moonlight Nights"
"486","7-9岁","双语阅读","乔治·费希尔案","The Case of George Fisher"
"487","7-9岁","双语阅读","蓝胡子","Blue Beard"
"488","7-9岁","双语阅读","灰姑娘，或小玻璃鞋","Cinderrela, or the Little Glass Slipper"
"489","10-12岁","双语阅读","费利西娅与一盆石竹花","Felicia and the Pot Of Pinks"
"490","7-9岁","双语阅读","汉塞尔与格莱特","Hansel and Grettel"
"491","10-12岁","双语阅读","小红帽","Little Red Riding Hood"
"492","10-12岁","双语阅读","海辛斯王子和可爱小公主","Prince Hyacinth and the Dear Little Princess"
"493","10-12岁","双语阅读","侏儒怪","Rumpelstiltzkin"
"494","10-12岁","双语阅读","雪白与玫瑰红","Snow-White and Rose-Red"
"495","10-12岁","双语阅读","诺罗威的黑公牛","The Black Bull of Norroway"
"496","7-9岁","双语阅读","勇敢的小裁缝","The Brave Little Tailor"
"497","7-9岁","双语阅读","牧鹅姑娘","The Goose Girl"
"498","7-9岁","双语阅读","巨人杀手杰克传奇","The History of Jack the Giant Killer "
"499","10-12岁","双语阅读","惠廷顿传奇","The History of Whittington"
"500","7-9岁","双语阅读","穿靴子的猫咪","The Master Cat; or, Puss in Boots"
"501","7-9岁","双语阅读","红色的埃廷","The Red Etin"
"502","7-9岁","双语阅读","睡莲花","The Water-Lily"
"503","10-12岁","双语阅读","忠实的约翰","Trusty John"
"504","10-12岁","双语阅读","蟾蜍与钻石","Toads and Diamonds"
"505","10-12岁","双语阅读","海水为什么是咸的","Why the Sea is Salt"
"506","7-9岁","双语阅读","老福赛特的印第安之夏  ","Indian Summer of A Forsyte"
"507","7-9岁","双语阅读","莉齐·利","Lizzie Leigh"
"508","10-12岁","双语阅读","追求至美的艺术家","The Artist of the Beautiful "
"509","7-9岁","双语阅读","被遗弃的女人","The Deserted Woman "
"510","10-12岁","双语阅读","一个非洲故事","An African Story"
"511","10-12岁","双语阅读","有人影的远景","Landscape with Figures"
"512","7-9岁","双语阅读","忠贞的公牛","The Faithful Bull"
"513","10-12岁","双语阅读","毒药","Poison "
"514","10-12岁","双语阅读","阳阳和月月 ","Sun and Moon"
"515","10-12岁","双语阅读","花朵","This Flower "
"516","7-9岁","双语阅读","“美中不足”","“Little Speck in Garnered Fruit”"
"517","7-9岁","双语阅读","多尔蒂的启发","Dougherty’s Eye-Opener"
"518","10-12岁","双语阅读","各尽所能","From Each According to His Ability"
"519","10-12岁","双语阅读","牧场上的博皮普夫人","Madame Bo-Peep, of the Ranches "
"520","10-12岁","双语阅读","四不像","Four Beasts In One—The Homo-Cameleopard"
"521","7-9岁","双语阅读","樵夫的命运","Fortune and the Wood-Cutter"
"522","7-9岁","双语阅读","一些野生动物是怎样被驯服的","How Some Wild Animals Became Tame Ones"
"523","10-12岁","双语阅读","皮维和卡博","Pivi and Kabo"
"524","10-12岁","双语阅读","纯朴真诚的瓦利·戴德的故事","Story of Wali Dad the Simple-Hearted"
"525","7-9岁","双语阅读","沼泽怪兽","The Bunyip"
"526","7-9岁","双语阅读","精灵姑娘","The Elf Maiden"
"527","10-12岁","双语阅读","魔法人头","The Enchanted Head"
"528","7-9岁","双语阅读","四份特别的礼物","The Four Gifts"
"529","7-9岁","双语阅读","三只狗","The Three Dogs"
"530","10-12岁","双语阅读","六只饥肠辘辘的动物","The Six Hungry Beasts"
"531","10-12岁","双语阅读","坚强的王子","The Strong Prince"
"575","7-9岁","双语阅读","灿烂千阳（试读）","A Thousand Splendid Suns"
"576","7-9岁","双语阅读","美军第一狙击手（试读）","American Sniper"
"577","10-12岁","双语阅读","只是孩子（试读）","Just Kids"
"578","7-9岁","双语阅读","锅匠，裁缝，士兵，间谍（试读）","Tinker\, Tailor\, Soldier\, Spy"
"579","7-9岁","双语阅读","埃德加的故事（试读）","The Story of Edgar Sawtelle"
"580","10-12岁","双语阅读","论利润","An Essay on Profits"
"588","10-12岁","双语阅读","小说鉴赏(双语修订)(第3版)（试读）","Understanding Ficition"
"591","7-9岁","双语阅读","了了（试读）","Everything Is Illuminated"
"592","7-9岁","双语阅读","我生命的速度（试读）","Life at These Speeds"
"594","10-12岁","双语阅读","人生要有承担失去的勇气（试读）","Soul Surfer"
"596","7-9岁","双语阅读","骆驼移动图书馆（试读）","The Camel Bookmobile"
"597","7-9岁","双语阅读","波斯少年（试读）","The Persian Boy"
"598","10-12岁","双语阅读","列侬回忆（试读）","Lennon Remembers"
"599","7-9岁","双语阅读","当上帝是只兔子（试读）","When God was a Rabbit"
"601","7-9岁","双语阅读","被偷走的人生（试读）","A Stolen Life"
"603","10-12岁","双语阅读","松林（英文试读）","Pines"
"608","10-12岁","双语阅读","狗的冒险书（试读）","The Dangerous Book For Dogs"
"609","7-9岁","双语阅读","下辈子做猫吧（试读）","The Devious Book For Cats"
"611","10-12岁","双语阅读","单身（试读）","A Single Man"
"613","10-12岁","双语阅读","假装的艺术（试读）","The Art of Faking It"
"614","10-12岁","双语阅读","玻璃村庄（试读）","The Glass Village"
"617","10-12岁","双语阅读","浪游之歌（试读）","Wanderlust"
"618","10-12岁","双语阅读","百鬼夜行：阴（试读）",""
"624","10-12岁","双语阅读","罗杰疑案（试读）","The Murder of Roger Ackroyd"
"625","7-9岁","双语阅读","寓所谜案（试读）","The Murder at the Vicarage"
"626","7-9岁","双语阅读","斯泰尔斯庄园奇案（试读）","The Mysterious Affair at Styles"
"628","10-12岁","双语阅读","思考，快与慢（试读）","Thinking\, Fast and Slow"
"629","7-9岁","双语阅读","习惯的力量（试读）","The Power of Habit"
"630","10-12岁","双语阅读","白化士兵","The Adventure of the Blanched Soldier"
"631","7-9岁","双语阅读","萨塞克斯吸血鬼","The Adventure of the Sussex Vampire"
"632","10-12岁","双语阅读","空屋子","The Adventure of the Empty House"
"633","7-9岁","双语阅读","第二块血迹","The Adventure of the Second Stain"
"634","10-12岁","双语阅读","四签名","The Sign of Four"
"635","10-12岁","双语阅读","恐怖谷","The Valley of Fear"
"636","7-9岁","双语阅读","巴斯克维尔的猎犬","The Hound of Baskervilles"
"637","10-12岁","双语阅读","驼背男子","The Crooked Man"
"638","7-9岁","双语阅读","最后一案","The Final Problem"
"639","10-12岁","双语阅读","红发俱乐部","The Red-Headed League"
"640","7-9岁","双语阅读","铜色山毛榉","The Adventure of the Copper Beeches"
"641","10-12岁","双语阅读","绿宝石王冠","The Adventure of the Beryl Coronet"
"642","10-12岁","双语阅读","红圈会","The Adventure of the Red Circle"
"643","10-12岁","双语阅读","布鲁斯-帕廷顿图纸","The Adventure of the Bruce-Partington Plans"
"644","7-9岁","双语阅读","福尔摩斯谢幕演出","His Last Bow"
"646","10-12岁","双语阅读","雷神桥谜案","The Problem of Thor Bridge"
"647","10-12岁","双语阅读","波希米亚丑闻","A Scandal in Bohemia"
"648","7-9岁","双语阅读","白额闪电","Silver Blaze"
"649","10-12岁","双语阅读","暗红习作","A Study in Scarlet"
"652","7-9岁","双语阅读","时间回旋（试读）","Spin"
"658","7-9岁","双语阅读","伦敦塔集雨人（试读）","The Tower\, The Zoo\, and The Tortoise"
"660","10-12岁","双语阅读","佛教常识答问（试读）","Essentials of Buddhism: Questions and Answers"
"662","10-12岁","双语阅读","江村经济（试读）",""
"664","7-9岁","双语阅读","守门员面对罚点球时的焦虑（试读）","Die Angst des Tormanns beim Elfmeter"
"665","7-9岁","双语阅读","哈佛幸福课（试读）",""
"666","7-9岁","双语阅读","中国文明的开始（试读）","The Beginnings of Chinese Civilization"
"667","7-9岁","双语阅读","中国经济改革发展之路（试读）","Economic Reform and Development  the Chinese Way"
"669","7-9岁","双语阅读","这个世界会好吗（试读）","Has Man a Future "
"677","7-9岁","双语阅读","中国士绅（试读）","China's Gentry"
"679","10-12岁","双语阅读","清醒思考的艺术（试读）",""
"681","10-12岁","双语阅读","斯皮尔伯格传（试读）","Steven Spielberg A Biography"
"682","10-12岁","双语阅读","黑蜥蜴（试读）",""
"685","7-9岁","双语阅读","四种爱（试读）","The Four Loves"
"688","7-9岁","双语阅读","存在主义简论","Existentialism: A Very Short Introduction"
"689","10-12岁","双语阅读","《圣经》纵览","The Bible: A Very Short Introduction"
"696","10-12岁","双语阅读","你可以幸福（试读）",""
"697","10-12岁","双语阅读","第三大道这间酒馆（试读）",""
"699","7-9岁","双语阅读","四种爱","The Four Loves"
