书名,fenlei,nianling,bid
寓言一则,双语阅读,7-9岁,xin001
鬼故事,双语阅读,7-9岁,xin002
怪物之母,双语阅读,7-9岁,xin003
一座新比彻教堂,双语阅读,7-9岁,xin004
魔球小子和坏人,双语阅读,7-9岁,xin005
乔治·华盛顿外传,双语阅读,10-12岁,xin006
招供,双语阅读,10-12岁,xin007
牢骚父亲,双语阅读,7-9岁,xin008
懦夫盖拉尔德受惩记,双语阅读,7-9岁,xin009
德国萨根菲尔德的传说,双语阅读,10-12岁,xin010
尼亚加拉,双语阅读,10-12岁,xin011
犹大老爹,双语阅读,10-12岁,xin012
跛子,双语阅读,10-12岁,xin013
聪明的兔子,双语阅读,7-9岁,xin014
科蒙戈树的神圣汁液,双语阅读,7-9岁,xin015
被偷的白象,双语阅读,10-12岁,xin016
坏孩子的故事,双语阅读,7-9岁,xin017
好孩子的故事,双语阅读,7-9岁,xin018
亚拉的故事,双语阅读,7-9岁,xin019
替身,双语阅读,10-12岁,xin020
真实的故事,双语阅读,10-12岁,xin021
我生命的转折点,双语阅读,10-12岁,xin022
海龟和他的新娘,双语阅读,7-9岁,xin023
白猿,双语阅读,10-12岁,xin024
脱胎换骨的人,双语阅读,10-12岁,xin025
“恐怖统治”时期的一名委员,双语阅读,10-12岁,xin026
一笔买卖,双语阅读,10-12岁,xin027
月光,双语阅读,10-12岁,xin028
晚到的骑兵,双语阅读,10-12岁,xin029
插曲,双语阅读,10-12岁,xin030
我是如何编辑农业报的,双语阅读,10-12岁,xin031
小拇指,双语阅读,7-9岁,xin032
约翰·霍斯利爵士,双语阅读,10-12岁,xin033
我们的信,双语阅读,10-12岁,xin034
自杀事件,双语阅读,10-12岁,xin035
铜指环,双语阅读,7-9岁,xin036
奇怪的梦,双语阅读,10-12岁,xin037
巴伦特雷少爷,双语阅读,10-12岁,xin038
学发抖的年轻人,双语阅读,7-9岁,xin039
阿斯木得和西格尼,双语阅读,7-9岁,xin040
刽子手,双语阅读,10-12岁,xin041
哈博基,双语阅读,7-9岁,xin042
带球人是怎样完成他的任务的,双语阅读,7-9岁,xin043
弟弟救哥哥,双语阅读,7-9岁,xin044
一只名叫基萨的猫,双语阅读,7-9岁,xin045
十月和六月,双语阅读,10-12岁,xin046
鲁贝察尔,双语阅读,7-9岁,xin047
想战胜命运的国王,双语阅读,7-9岁,xin048
一只乌龟的故事和一只淘气猴子的故事,双语阅读,7-9岁,xin049
天气寒暄冠军,双语阅读,10-12岁,xin050
我们庆祝的日子,双语阅读,10-12岁,xin051
迦梨女神的钻石,双语阅读,10-12岁,xin052
四十大盗,双语阅读,7-9岁,xin053
狐狸和拉普人,双语阅读,7-9岁,xin054
大科尼岛,双语阅读,10-12岁,xin055
老鼠嫁女,双语阅读,7-9岁,xin056
尤利乌斯·恺撒之死的“本地报道”,双语阅读,10-12岁,xin057
鱼骑士,双语阅读,7-9岁,xin058
高高在上的女士,双语阅读,10-12岁,xin059
德意志军团里忧郁的轻骑兵,双语阅读,10-12岁,xin060
美人鱼与男孩,双语阅读,7-9岁,xin061
城市的骄傲,双语阅读,10-12岁,xin062
普鲁士军官,双语阅读,10-12岁,xin063
太阳妹妹,双语阅读,7-9岁,xin064
林中的睡美人,双语阅读,7-9岁,xin065
侦探,双语阅读,10-12岁,xin066
邪恶的狼獾,双语阅读,7-9岁,xin067
博妻欢心,双语阅读,10-12岁,xin068
马丁·伯尼的转变,双语阅读,10-12岁,xin069
尤利西斯和狗人,双语阅读,10-12岁,xin070
玫瑰对柏树做了什么,双语阅读,7-9岁,xin071
谁的丈夫更蠢,双语阅读,7-9岁,xin072
彗星来临,双语阅读,10-12岁,xin073
无神论者做弥撒 ,双语阅读,10-12岁,xin074
法西诺·卡内 ,双语阅读,10-12岁,xin075
信使 ,双语阅读,10-12岁,xin076
地狱之火 ,双语阅读,10-12岁,xin077
地下餐馆和玫瑰 ,双语阅读,10-12岁,xin078
命运的震荡 ,双语阅读,10-12岁,xin079
汽车等待的时候 ,双语阅读,10-12岁,xin080
刎颈之交 ,双语阅读,10-12岁,xin081
丢失的琴弦 ,双语阅读,10-12岁,xin082
不过是插曲罢了 ,双语阅读,10-12岁,xin083
拉里尔舞曲的小提琴手 ,双语阅读,10-12岁,xin084
牧羊人之所见：四个月夜的故事 ,双语阅读,10-12岁,xin085
乔治·费希尔案件 ,双语阅读,10-12岁,xin086
蓝胡子 ,双语阅读,7-9岁,xin087
灰姑娘，或小玻璃鞋 ,双语阅读,7-9岁,xin088
费利西娅与一盆石竹花 ,双语阅读,7-9岁,xin089
汉塞尔与格莱特 ,双语阅读,7-9岁,xin090
小红帽 ,双语阅读,7-9岁,xin091
海辛斯王子和可爱小公主 ,双语阅读,7-9岁,xin092
侏儒怪 ,双语阅读,7-9岁,xin093
雪白与玫瑰红 ,双语阅读,7-9岁,xin094
诺罗威的黑公牛,双语阅读,7-9岁,xin095
勇敢的小裁缝 ,双语阅读,7-9岁,xin096
牧鹅姑娘 ,双语阅读,7-9岁,xin097
巨人杀手杰克传奇 ,双语阅读,7-9岁,xin098
惠廷顿传奇 ,双语阅读,7-9岁,xin099
穿靴子的猫咪 ,双语阅读,7-9岁,xin100
红色的埃廷,双语阅读,7-9岁,xin101
睡莲花 ,双语阅读,7-9岁,xin102
忠实的约翰 ,双语阅读,7-9岁,xin103
蟾蜍与钻石 ,双语阅读,7-9岁,xin104
海水为什么是咸的 ,双语阅读,7-9岁,xin105
老福赛特的印第安之夏 ,双语阅读,10-12岁,xin106
莉齐·利 ,双语阅读,10-12岁,xin107
追求至美的艺术家 ,双语阅读,10-12岁,xin108
被遗弃的女人 ,双语阅读,10-12岁,xin109
一个非洲故事 ,双语阅读,10-12岁,xin110
有人影的远景 ,双语阅读,10-12岁,xin111
忠贞的公牛 ,双语阅读,7-9岁,xin112
毒药 ,双语阅读,10-12岁,xin113
阳阳和月月 ,双语阅读,7-9岁,xin114
花朵 ,双语阅读,7-9岁,xin115
美中不足,双语阅读,7-9岁,xin116
多尔蒂的启发 ,双语阅读,10-12岁,xin117
各尽所能 ,双语阅读,10-12岁,xin118
牧场上的博皮普夫人 ,双语阅读,10-12岁,xin119
四不像 ,双语阅读,7-9岁,xin120
樵夫的命运 ,双语阅读,7-9岁,xin121
一些野生动物是怎样被驯服的 ,双语阅读,7-9岁,xin122
皮维和卡博 ,双语阅读,7-9岁,xin123
纯朴真诚的瓦利·戴德的故事 ,双语阅读,7-9岁,xin124
沼泽怪兽 ,双语阅读,7-9岁,xin125
精灵姑娘 ,双语阅读,7-9岁,xin126
魔法人头 ,双语阅读,7-9岁,xin127
 四份特别的礼物 ,双语阅读,7-9岁,xin128
 三只狗 ,双语阅读,7-9岁,xin129
六只饥肠辘辘的动物 ,双语阅读,7-9岁,xin130
坚强的王子 ,双语阅读,7-9岁,xin131