id,zh,en
"1","一个陌生女人的来信","Letter from an Unknown Woman"
"2","觉醒","The Awakening"
"3","小城畸人","Winesburg\, Ohio"
"4","都柏林人","Dubliners"
"5","鲁滨孙漂流记","Robinson Crusoe"
"6","走投无路","End of the Tether"
"7","水仙号上的黑鬼","The Nigger of the Narcissus"
"8","苹果树","The Apple Tree"
"9","劝导","Persuasion"
"10","鼠疫","The Plague"
"11","简 爱","Jane Eyre"
"12","远大前程","Great Expectations"
"13","雾都孤儿","Oliver Twist"
"14","了不起的盖茨比","The Great Gatsby"
"15","戴西 米勒","Daisy Miller"
"16","伊凡 伊里奇之死","The Death of Ivan Ilych"
"17","童年","Childhood　　"
"18","吝啬鬼","The Miser"
"19","卡门","Carmen"
"20","科隆巴","Colomba"
"21","双重人格","The Double"
"22","黑郁金香","The Black Tulip"
"23","变形记","The Metamorphosis"
"24","秘密花园","The Secret Garden"
"25","教师","The Professor"
"26","地下城","The Underground City"
"27","神秘岛","The Mysterious Island"
"28","从地球到月球","From the Earth to the Moon"
"29","水晶蛋","The Crystal Egg"
"30","新型加速剂","The New Accelerator"
"31","时光机器","Time Machine"
"32","三人同舟","Three Men in a Boat"
"33","懒人闲思录","Idle Thoughts of an Idle Fellow"
"34","海浪","The Waves"
"35","小人物日记","The Diary of a Nobody"
"36","雅各布哥哥","Brother Jacob"
"37","卡特里奥娜","Catriona"
"38","金银岛","Treasure Island"
"39","英国的文艺复兴","The English Renaissance of Art"
"40","石榴屋童话集","A House of Pomegranates"
"41","平凡人和他的妻子","The Plain Man and His Wife"
"42","悠游度过一天的24小时","How to Live on Twenty-Four Hours a Day"
"43","寻找精神家园","Letters to a Spiritual Seeker"
"44","琐事集","All Trivia"
"45","芝麻与百合","Sesame and Lilies"
"46","文艺复兴","The Renaissance"
"47","漫游东西世界","Roving East and Roving West"
"48","四季随笔","The Private Papers of Henry Ryecroft"
"49","塞文山驴伴之旅","Travels with a Donkey in the Cevennes"
"50","我的知识之路","Autobiography of John Stuart Mill"
"51","我的童年","My Childhood"
"52","凯尔特的薄暮","The Celtic Twilight"
"53","小王子","The Little Prince"
"54","鞋","Shoes"
"55","迷人的侧影","The Enchanted Profile"
"56","生活的陀螺","The Whirligig Of Life"
"57","新婚的姊妹们","Sisters of the Golden Circle"
"58","城市佬","Man about Town"
"59","华而不实","Lost on Dress Parade"
"60","二十年后","After Twenty Years"
"61","自然调节","An Adjustment of Nature"
"62","回合之间","Between Rounds"
"63","口信","By Courier"
"64","托宾的手相","Tobin’s Palm"
"65","三叶草和棕榈树","Shamrock and the Palm"
"66","爱的牺牲","A Service of Love"
"67","一千美元","One Thousand Dollars"
"68","闪锌矿的卖主","A Blackjack Bargainer"
"69","黄狗自传","Memoirs of a Yellow Dog"
"70","红酋长的赎金","The Ransom of Red Chief"
"71","绿门","The Green Door"
"72","带家具出租的房间","The Furnished Room"
"73","钟摆","The Pendulum"
"74","警察与赞美诗","The Cop and the Anthem"
"75","圣贤的礼物","The Gift of The Magi"
"76","失语漫游","A Ramble in Aphasia"
"77","丛林中的孩子","Babies in the Jungle"
"78","第五个车轮","The Fifth Wheel"
"79","姑娘和骗局","The Girl and the Graft"
"80","闪光的金子","The Gold That Glittered"
"81","诗人与乡巴佬","The Poet and the Peasant"
"82","安宁的长袍","The Robe of Peace"
"83","哈里发、丘比特和时钟","The Caliph\, Cupid and the Clock"
"84","带天窗的房间","The Skylight Room"
"85","一个离奇的故事","A Strange Story"
"86","与睡神抗争","At Arms with Morpheus"
"87","恭贺佳节","Compliments of the Season"
"88","同病相怜","Makes the Whole World Kin"
"89","决斗","The Duel"
"90","最后的行吟诗人","The Last of the Troubadours"
"91","最后的处方","Let Me Feel Your Pulse"
"92","沙姆罗克 乔尔摩斯历险记","The Adventures of Shamrock Jolnes"
"93","“干谷”约翰逊的小阳春","The Indian Summer of Dry Valley Johnson"
"94","公主与美洲狮","The Princess and the Puma"
"95","麦克的赎金","The Ransom of Mack"
"96","巴格达之鸡","A Bird of Bagdad"
"97","哈里发和莽汉","The Caliph and the Cad"
"98","带磨坊的教堂","The Church with an Overshot-Wheel"
"99","复活日那天","The Day Resurgent"
"100","姑娘与习惯","The Girl and the Habit"
"101","灵魂和摩天大楼","Psyche and the Pskyscraper"
"102","新天方夜谭","A Night in New Arabia"
"103","风险家","The Ventures"
"104","篝火旁的纽约","New York by Campfire Light"
"105","最后一片藤叶","The Last Leaf"
"106","瓶中手稿","Ms. Found in a Bottle"
"107","绝境","A Predicament"
"108","言语的力量","The Power of Words"
"109","骗术","Diddling"
"110","跳蛙","Hop-Frog"
"111","同木乃伊对话","Some Words with a Mummy"
"112","焦油博士和羽毛教授的疗法","The System of Dr. Tarr and Prof. Fether"
"113","眼镜","The Spectacles"
"114","生意人","The Business Man"
"115","斯芬克司","The Sphinx"
"116","钟楼里的魔鬼","The Devil in the Belfry"
"117","气球骗局","The Balloon-Hoax"
"118","一桶白葡萄酒","The Cask of Amontillado"
"119","辛格姆 鲍勃先生的文学生涯","Literary Life of Thingum Bob"
"120","红死病魔的面具","The Masque of the Red Death"
"121","一次电话交谈","A Telephonic Conversation"
"122","威廉三世的肖像","Portrait of King William III"
"123","躺在床上的危险","The Danger of Lying in Bed"
"124","第一台打字机","The First Writing-Machines"
"125","时尚一例","A Fashion Item"
"126","历史重现","History Repeats Itself"
"127","尊为奇人","Honored as a Curiosity"
"128","中国人约翰在纽约","John Chinaman in New York"
"129","一只狗的故事","A Dog’s Tale"
"130","运气","Luck"
"131","竞选州长","Running for Governor"
"132","科学对阵运气","The Science vs Luck"
"133","殡仪员的闲谈","The Undertaker’s Chat"
"134","办公室里的讨厌鬼","The Office Bore"
"135","饲养家禽","To Raise Poultry"
"136","“两岁婴孩”的妙语","Wit Inspirations of the “Two-Year-Olds”"
"137","我的前参议员秘书生涯","My Late Senatorial Secretaryship"
"138","圣经故事全景画家","The Scriptural Panoramist"
"139","经过修订的讣告","Amended Obituaries"
"140","猎捕狡猾的火鸡","Hunting the Deceitful Turkey"
"141","已故的本杰明 富兰克林","The Late Benjamin Franklin"
"142","爱尔兰的“教派口号”","“Party Cries” In Ireland"
"143","一位健康的老人","A Fine Old Man"
"144","一次神秘的拜访","A Mysterious Visit"
"145","漫谈理发师","About Barbers"
"146","给小女孩的忠告","Advice to Little Girls"
"147","餐后致辞","After-Dinner Speech"
"148","一篇有趣的文章","An Entertaining Article"
"149","诙谐自传","Burleque Biography"
"150","人生的五种恩赐","The Five Boons of Life"
"151","王子与贫儿","The Prince and the Pauper"
"152","汤姆 索耶在国外","Tom Sawyer Abroad"
"153","汤姆 索耶探案","Tom Sawyer\, Detective"
"154","棕色的沃尔夫","Brown Wolf"
"155","有伤疤的人","The Man with the Gash"
"156","疑犯从宽","The Benefit of the Doubt"
"157","意外","The Unexpected"
"158","在甲板的天棚下","Under the Deck Awnings"
"159","强者的力量","The Strength of the Strong"
"160","太多金子","Too Much Gold"
"161","黄金谷","All Gold Canon"
"162","故事的结局","The End of the Story"
"163","为赶路的人干杯","To the Man on the Trail"
"164","老头子同盟","The League of the Old Men"
"165","克里斯 法林顿  一等水手","Chris Farrington\, Able Seaman"
"166","陈阿春","Chun Ah Chun"
"167","圆脸","Moon-Face"
"168","老秃子","Old Baldy"
"169","带翅膀的勒索信","Winged Blackmail"
"170","终结","Fins"
"171","只是肉而已","Just Meat"
"172","叛逆者","The Apostate"
"173","杀人","To Kill a Man"
"174","爬上陡坡","Up The Slide"
"175","两个骗子","Two Gold Bricks"
"176","在江户海湾","In Yeddo Bay"
"177","击退登船的人","To Repel Boarders"
"178","远在他乡","In a Far Country"
"179","女人的刚毅","Grit of Women"
"180","丢脸先生","Lost Face"
"181","基斯，老基斯之子","Keesh\, Son of Keesh"
"182","在流口水病房里讲的故事","Told in the Drooling Ward"
"183","生活对我意味着什么","What Life Means to Me"
"184","当世界还年轻的时候","When the World Was Young"
"185","英俊的船舱侍者","The Handsome Cabin Boy"
"186","光脸熊","Bald-Face"
"187","金光","Flush of Gold"
"188","莫基","Mauki"
"189","世界公敌","The Enemy of All the World"
"190","形体的永恒","The Eternity of Forms"
"191","战争","War"
"192","歌利亚","Goliah"
"193","以活下去为职责的人","Whose Business Is to Live"
"194","那只斑点狗","That Spot"
"195","酒后之勇","Dutch Courage"
"196","再见，杰克","Good-Bye\, Jack!"
"197","热爱生命","Love of Life"
"198","北方的奥德赛","An Odyssey of the North"
"199","一块牛排","A Piece of Steak"
"200","业余爱好者之夜","Amateur Night"
"201","扶乩","Planchette"
"202","当艾丽斯向上帝告解","When Alice Told Her Soul"
"203","拳头","Bunches of Knuckles"
"204","唷！唷！唷！","Yah! Yah! Yah!"
"205","空中冒险","An Adventure in the Upper Sea"
"206","纳姆－博克，不诚实的人","Nam-Bok\, the Unveracious"
"207","塞缪尔","Samuel"
"208","森珀 艾德姆","Semper Idem"
"209","胫骨骨骸","Shin-Bones"
"210","歧途末路","Where the Trail Forks"
"211","在塔斯曼的乌龟旁","By the Turtles of Tasman"
"212","像古代的阿格斯","Like Argus of the Ancient Times"
"213","拳赛","The Game"
"214","一千打","The One Thousand Dozen"
"215","铁蹄","The Iron Heel"
"216","野性的呼唤","The Call of the Wild"
"217","马丁 伊登","Martin Eden"
"218","黑人渔夫萨姆历险记","The Adventure of Sam\, the Black Fisherman"
"219","魔鬼和汤姆 沃克","The Devil and Tom Walker"
"220","强盗首领的故事","The Story of the Bandit Chieftain"
"221","年轻强盗的故事","The Story of the Young Robber"
"222","神秘画像的奇遇","The Adventure of the Mysterious Picture"
"223","鬼门关","Hell Gate"
"224","海盗基德","Kidd the Pirate"
"225","迟来的旅客","The Belated Travellers"
"226","泰拉奇纳的旅店","The Inn at Terracina"
"227","波普金斯历险记","The Adventure of the Popkins Family"
"228","德国学生的奇遇","The Adventure of the German Student"
"229","英国人历险记","The Adventure of the Englishman"
"230","矮小考古家的奇遇","The Adventure of the Little Antiquary"
"231","神秘陌生人的奇遇","The Adventure of the Mysterious Stranger"
"232","英国还是男人的国家吗","Is England Still a Man’s Country"
"233","作画","Making Pictures"
"234","回乡","Return to Bestwood"
"235","真实的自我","Myself Revealed"
"236","性的魅力","Sex Appeal"
"237","墙上的那些画","Pictures on the Walls"
"238","被文明奴役","Enslaved by Civilisation"
"239","出人头地","Getting On"
"240","诺丁汉矿乡杂记","Nottingham and the Mining Countryside"
"241","白丝袜","The White Stocking"
"242","生病的矿工","A Sick Collier"
"243","范妮与安妮","Fanny and Annie"
"244","两只蓝鸟","Two Blue Birds"
"245","洗礼","The Christening"
"246","太阳","Sun"
"247","母与女","Mother and Daughter"
"248","英格兰，我的英格兰","England\, My England"
"249","阿道夫","Adolf"
"250","美妇人","The Lovely Lady"
"251","吉米和绝望的女人","Jimmy and the Desperate Woman"
"252","菊香","Odour of Chrysanthemums"
"253","萨姆森和德莱拉","Samson and Delilah"
"254","轮到她了","Her Turn"
"255","骑木马的优胜者","The Rocking-Horse Winner"
"256","公主","The Princess"
"257","春天的阴影","The Shades of Spring"
"258","你摸了我","You Touched Me"
"259","肉中刺","The Thorn in the Flesh"
"260","玫瑰花园里的暗影","The Shadow in the Rose Garden"
"261","狐狸","The Fox"
"262","盲人","The Blind Man"
"263","骑马而去的女子","The Woman Who Rode Away"
"264","格林童话（一）","Grimm's Fairy Tales Ⅰ"
"265","伊索寓言（一）","Aesop's Fables Ⅰ"
"266","伊索寓言（二）","Aesop's Fables Ⅱ"
"267","伊索寓言（三）","Aesop's Fables Ⅲ"
"268","伊索寓言（四）","Aesop's Fables Ⅳ"
"269","伊索寓言（五）","Aesop's Fables Ⅴ"
"270","年轻的古德曼 布朗","Young Goodman Brown"
"271","小水仙","Little Daffydowndilly"
"272","客迈拉","The Chimera"
"273","西弗尔 埃瑟里奇","Sylph Etherege"
"274","手稿中的魔鬼","The Devil in Manuscript"
"275","古老的泰孔德罗加","Old Ticonderoga"
"276","石人","The Man of Adamant"
"277","威廉 菲普斯爵士","Sir William Phips"
"278","遗孀","The Wives of the Dead"
"279","胎痣","The Birthmark"
"280","坎特伯雷的朝圣者","The Canterbury Pilgrims"
"281","蓓蕾和鸟鸣","Buds and Bird Voices"
"282","三个金苹果","The Three Golden Apples"
"283","得了条明眼狗","Get a Seeing-Eyed Dog"
"284","度夏的人们","Summer People"
"285","蝴蝶和坦克","The Butterfly and the Tank"
"286","越野滑雪","Cross-Country Snow"
"287","小小说","A Very Short Story"
"288","贵族之家","A House of Gentlefolk"
"289","春潮","The Torrents of Spring"
"290","木木","Mumu"
"291","罗亭","Rudin"
"292","前夜","On the Eve"
"293","初恋","First Love"
"294","戈迪萨尔二世","Gaudissart Ⅱ"
"295","红房子旅馆","The Red Inn"
"296","神秘的杰作","The Hidden Masterpiece"
"297","新兵","The Recruit"
"298","菲尔米亚尼夫人","Madame Firmiani"
"299","妇女研究","Study of a Woman"
"300","海滨惨剧","A Drama on the Seashore"
"301","妇女再研究","Another Study of Woman"
"302","长寿药水","The Elixir of Life"
"303","老姑娘","An Old Maid"
"304","发明家的苦难","Eve and David"
"305","古物陈列室","The Collection of Antiquities"
"306","欧仁妮 葛朗台","Eugenie Grandet"
"307","公务员","Bureaucracy"
"308","婚约","A Marriage Contract"
"309","高老头","Father Goriot"
"310","莫黛斯特 米尼翁","Modeste Mignon"
"311","夜阑","Late at Night"
"312","男爵","The Baron"
"313","幸福","Bliss"
"314","帕克妈妈的一生","Life of Ma Parker"
"315","一杯茶","A Cup of Tea"
"316","鸽子先生和鸽子太太","Mr. and Mrs. Dove"
"317","雷金纳德的一天","Mr. Reginald Peacock’s Day"
"318","唱歌课","The Singing Lesson"
"319","画册的一页","Feuille d’Album"
"320","陌生人","The Stranger"
"321","男爵夫人的妹妹","The Sister of the Baroness"
"322","心理","Psychology"
"323","花园茶会","The Garden Party"
"324","女掌柜","The Woman at the Store"
# "325","欧洲文明：1648-1945","European Civilization 1648-1945"
# "328","健康图书馆  外科对乳腺癌手术的贡献","Health Library  Contributions of Surgery to Breast Cancer Survivorship"
# "329","健康图书馆  发疹，千万别抓它","Health Library  Don't Scratch That Rashes"
# "336","健康图书馆  鼻整形术2009：鼻整形的审美及功能意义","Health Library  Rhinoplasty 2009 and Beyond: Aesthetic and Functional Surgery of the Nose"
# "338","健康图书馆  经导管治疗法用于主动脉瓣狭窄","Health Library  Transcatheter Therapy for Aortic Stenosis"
# "353","健康图书馆  了解肠胃功能紊乱症","Health Library  It's not all in Your Head: Understanding Irritable Bowel Syndrome"
# "358","健康图书馆  肥厚性心肌病","Health Library  Hypertrophic Cardiomyopathy"
# "359","健康图书馆  我们能够治愈常见的白血病吗","Health Library  Can We Cure the Common Leukemias"
# "360","健康图书馆  乳腺癌风险与预防，诊断与治疗","Health Library  Breast Cancer: Risks and Prevention\, Diagnoses and Treatments"
# "361","健康图书馆  女性中风因素及其防治","Health Library  Women\, Stroke and the Red Dress: Cerebrovascular Disease in Women"
# "362","健康图书馆  维持健康概说","Health Library  The Big Picture of Maintaining Health"
# "363","健康图书馆  手术机器人：R2D2机器人会在未来出现吗","Health Library  Surgical Robots: Is R2D2 in Your Future"
# "364","健康图书馆  更年期与荷尔蒙","Health Library  Menopause and Hormones"
# "365","健康图书馆  认知老化与阿耳茨海默氏病：跟性别有关","Health Library  Cognitive Aging and Alzheimer's Disease: Gender Matters"
# "366","健康图书馆  腹主动脉瘤疾病：无声的杀手","Health Library  Abdominal Aortic Aneurysm Disease: Silent Killer"
# "367","健康图书馆  整形手术的发展","Health Library  Advances in Facial Plastic Surgery - It's not Your Mother's Facelift Anymore"
# "368","健康图书馆  认知水平随着年龄变化：何为标准","Health Library  Cognitive Changes with Aging: How Much Is too Much"
# "369","健康图书馆  老年人健康与保健：挑战与策略","Health Library  Health & Wellness among Older Adults: Challenges and Strategies"
# "370","健康图书馆  抑郁症，精神错乱，痴呆症","Health Library  Depression\, Delirium & Dementia: What Should We Be Doing"
# "371","健康图书馆  嘶哑的主要原因以及治疗选择","Health Library  Clearing Your Throat: Common Causes and Treatments for Hoarseness"
# "372","健康图书馆  跑步损伤，预防与治疗","Health Library  Too Much of a Good Thing: Running Injuries\, Their Prevention and Emerging Treatments"
# "375","健康图书馆  脑刺激与慢性痛的关系","Health Library  Brain Stimulation for Chronic Pain"
# "376","健康图书馆  视力退化","Health Library  The Aging Eye: New Therapies for Age Related Macular Degeneration"
# "377","健康图书馆  肩关节不稳定症及肩关节僵硬症","Health Library  Shoulder Instability and the Stiff Shoulder"
# "378","健康图书馆  心跳加速:了解心律失常以及治疗方法","Health Library  My Heart Skipped a Beat: Understanding Cardiac Arrhythmias and Their Treatments"
# "379","健康图书馆  儿科心脏病学的发展","Health Library  Advances in Pediatric Cardiology"
# "380","健康图书馆  了解女性心血管疾病","Health Library  Understanding Cardiovascular Disease in Women"
# "381","健康图书馆  脊柱微创手术","Health Library  Minimally Invasive Spinal Surgery"
# "382","健康图书馆  寻找乳腺癌的新疗法：研究与临床结合","Health Library  Looking at New Treatments for Breast Cancer: from Research Bench to Bedside"
# "383","健康图书馆  射波刀：癌症治疗新法","Health Library  Emerging Treatments for Cancer: Using Cyberknife Technology"
# "384","健康图书馆  对于癌症患者的生殖功能保卫战","Health Library  Preserving Fertility in Cancer Patients"
# "385","健康图书馆  感受与治疗：压力的影响，支持对于癌症患者的作用","Health Library  Feeling and Healing: Effects of Stress and Support on Cancer Patients"
# "417","健康图书馆  治疗肥胖症：减肥手术","Health Library  Bariatric Surgery: One Treatment for Obesity"
# "418","健康图书馆  缓解疼痛的妙方：瑜伽","Health Library  Yoga for Pain Relief"
# "419","健康图书馆  你的记忆力如何","Health Library  How Is Your Memory"
# "420","健康图书馆  护肤101：从肥皂与水开始","Health Library  Skin Care 101: Beyond Soap and Water"
# "421","健康图书馆  手指发麻与手臂疼痛","Health Library  Numb Fingers and Sore Arms"
# "422","健康图书馆  腹腔疾病","Health Library  Celiac Diseas"
# "423","健康图书馆  机器人手术用于癌症治疗","Health Library  Robotic Surgery for Cancer Treatment"
# "424","健康图书馆  了解心房纤维性颤动","Health Library  Understanding Atrial Fibrillation"
# "426","健康图书馆  谁需要冠状动脉支架？应该怎么询问你的医生？","Health Library  Who Needs a Coronary Artery Stent\, How to Find out and the Questions to Ask Your Doctor"
# "427","健康图书馆  肺气肿的外科疗法","Health Library  Surgical Treatment of Emphysema"
# "429","健康图书馆  面部神经麻痹的当代外科疗法","Health Library  Contemporary Surgical Treatment of Facial Nerve Paralysis"
# "430","健康图书馆  射波刀，癌症治疗新法","Health Library  Cyberknife: New and Emerging Cancer Treatments"
# "431","健康图书馆  肿瘤干细胞，癌症的源头","Health Library  Cancer Stem Cells: the Origin of Cancer"
# "432","健康图书馆  淋巴水肿的新疗法","Health Library  Lymphedema: New and Emerging Treatments"
# "433","健康图书馆  解决杂食者的困境","Health Library  Solutions to the Omnivore's Dilemma"
# "434","健康图书馆  心脏手术微创法","Health Library  Minimally Invasive Approaches to Cardiac Surgery"
# "435","健康图书馆  如何避免心脏疾病","Health Library  The Elephant on Your Chest: Cardiac Risk and How to Avoid It"
# "436","健康图书馆  纤维性肌痛的最新资讯","Health Library  An Update on Fibromyalgia"
# "437","健康图书馆  抽烟与咳嗽","Health Library  Not a Cough in a Carload"
# "438","健康图书馆  脚部老化","Health Library  The Aging Foot"
# "440","健康图书馆  基因测试遗传癌症风险","Health Library  Genetic Testing for Cancer Risk"
# "441","健康图书馆  乳房再造术的最新资讯","Health Library  What's New in Breast Reconstruction"
# "444","死亡","Death"
# "445","有关食物的心理学、生物学和政治学","The Psychology\, Biology and Politics of Food"
# "446","健康图书馆  肝脏及胰腺微创手术","Health Library  Minimally Invasive Liver and Pancreas Surgery"
# "447","健康图书馆  盆底疾病","Health Library  Pelvic Floor Disorders"
# "448","健康图书馆  静脉曲张新近改进疗法","Health Library  Varicose Veins: New and Improved Treatments"
# "449","健康图书馆  预防滑雪损伤","Health Library  Preventing Skiing and Snowboarding Injuries"
# "450","健康图书馆  征服鼻窦炎：诊断与治疗的新领域","Health Library  Conquering Sinusitis: New Frontiers in Diagnosis and Treatment"
# "451","健康图书馆  解决肩痛","Health Library  Overcoming Shoulder Injuries: Reaching Full Circle"
# "452","健康图书馆  你知道吗？关于妇女癌症检查的争议","Health Library  Know the Facts: Controversies in Screening for Women's Cancer"
"453","达洛维夫人","Mrs. Dalloway"
"454","魔沼","The Devil's Pool"
"455","一个自己的房间","A Room of One's Own"
"456","笔杆子、画笔和毒药","Pen\, Pencil and Poison"
"457","内河航行记","An Inland Voyage"
"458","彼得 潘","Peter Pan"
"459","狐狸把戏","Fox in the Morning"
"460","咖啡馆里的世界公民","A Cosmopolite in a Café"
"461","一个纽约人的成长","The Making of a New Yorker"
"462","使圆成方","Squaring the Circle"
"463","两位感恩节的绅士","Two Thanksgiving Day Gentlemen"
"464","没有结局的故事","An Unfinished Story"
"465","美人李婉","Li-wan\, the Fair"
"466","神灵微笑时","When God Laughs"
"467","马普希的房子","The House of  Mapuhi"
"468","一个老兵的故事","An Old Soldier's Story"
"469","彩虹的尽头","At the Rainbow's End"
"470","麻风病人库鲁","Koolau the Leper"
"471","胆小鬼，内戈雷","Negore\, the Coward"
"472","我姨妈的奇遇","The Adventure of My Aunt"
"473","沃尔弗特 韦伯或黄金梦","Wolfert Webber\, or Golden Dreams"
"474","画家历险记","The Painter's Adventure"
"475","马贩子的女儿","The Horse Dealer's Daughter"
"476","大草原之旅","A Tour on the Prairies"
"477","格林童话（二）","Grimm's Fairy Tales Ⅱ"
"478","格林童话（三）","Grimm's Fairy Tales Ⅲ"
"479","格林童话（四）","Grimm's Fairy Tales Ⅳ"
"480","格林童话（五）","Grimm's Fairy Tales Ⅴ"
"481","约翰 英格菲尔德的感恩节","John Inglefield's Thanksgiving"
"482","一个好心人的奇迹","A Good Man's Miracle"
"483","点金术","The Golden Touch"
"484","钟的传记","A Bell's Biography"
"485","沙漠里的爱情","A Passion in the Desert"
"486","德卡迪央王妃的秘密","The Secrets of the Princesse de Cadignan"
"487","恐怖时期的一段插曲","An Episode Under the Terror"
"488","人生如戏","The Thing's the Play"
"489","女巫的面包","Witches' Loaves"
"490","讲故事的艺术","How to Tell a Story"
"491","法官逢“英勇少妇”","The Judge's “”Spirited Woman“”"
"492","接受采访","An Encounter with an Interviewer"
"493","华盛顿将军的贴身黑男仆","General Washington's Negro Body-Servant"
"494","我的首次文学冒险","My First Literary Venture"
"495","寡妇的抗议","The Widow's Protest"
"496","在亚瑟王朝廷里的康涅狄格州美国人","A Connecticut Yankee in King Arthur's Court"
"497","在北部的森林里","In the Forest of the North"
"498","执迷不悔的简","Jan\, the Unrepentant"
"504","心理学导论","Introduction to Psychology"
"506","发展","D-Lab I: Development"
"508","财务会计与管理会计学","Financial and Managerial Accounting"
"510","金融经济发展","Financing Economic Development"
"513","实务领导","Practical Leadership"
"515","健康图书馆  关注少儿肥胖","Health Library  Addressing Childhood Obesity"
"517","健康图书馆  减肥手术的发展","Health Library  Advances in Weight Loss Surgery"
"519","健康图书馆  女性心脏健康","Health Library  Go Red: Women's Heart Health"
"521","健康图书馆  心脏病与南亚裔人士","Health Library  Heart Disease and South Asians"
"523","健康图书馆  对不起，你能再说一遍吗","Health Library  I'm Sorry\, Can You Repeat That"
"525","健康图书馆  就像新的一样：牙种植体技术","Health Library  Like New: Dental Implants"
"527","健康图书馆  认识关节炎，追求好生活","Health Library  Living Better with Arthritis"
"529","健康图书馆  预防，诊断及治疗前列腺癌症","Health Library  Prostate Cancer: Prevention Diagnosis and Treatment Options"
"531","健康图书馆  了解骨关节炎及其疗法","Health Library  Understanding Osteoarthritis and Its Treatments"
"532","金融市场","Financial Markets"
"533","1871年后的法国","France Since 1871"
"534","生物医学工程探索","Frontiers of Biomedical Engineering"
"535","古希腊历史简介","Introduction to Ancient Greek History"
"536","中国佛山研讨会","Foshan China Workshop"
"537","计算机科学及编程导论","Introduction to Computer Science and Programming"
"538","媒体","Media"
"539","博弈论","Game Theory"
"540","聆听音乐","Listening to Music"
"541","为什么我们要走进宇宙  霍金教授于美国太空总署50周年的讲座","Why We Should Go Into Space"
"542","环境政治与法律","Environmental Politics and Law"
"543","高级管理交流","Advanced Managerial Communication"
"544","学术机构的交流技巧","Communication Skills for Academics"
"545","宏观与国际经济学","Macro and International Economics"
"546","非裔美国：从解放黑奴到现在","African American History: From Emancipation to the Present"
"547","品德心理学","Moral Psychology"
"548","政府的产业规制","Government Regulation of Industry"
"549","天体物理学之探索和争议","Frontiers and Controversies in Astrophysics"
"550","美公务员放屁多遭训斥 老板爱雇什么样的员工？","who do the bosses like to hire "
"551","英一夜情网站牛津女生多 剑桥大学发避孕套","Oxford girl 's one-night stand"
"552","奥巴马欲给妻子跳骑马舞 鸟叔《江南Style》登顶","Obama’s “Gangnam Style”"
"553","日本推出3D胎儿模型 美国要送8万人上火星","Japan firm offers 3D model of fetus"
"554","法国封锁世界末日山 澳总理“力挺”末日论","French banned access to the sacred mountain"
"555","查尔斯谈继位不耐烦 凯特王妃怀孕","Charles is impatient"
"556","我们为什么不能长生不老",""
"557","肥胖来袭-医学健康系列",""
"558","患者自白-《嗜书瘾君子》选摘",""
"559","病症剖析-《嗜书瘾君子》选摘",""
"560","自行检测-《嗜书瘾君子》选摘",""
"561","书籍简史-《嗜书瘾君子》选摘",""
"562","阅读小说时我们的意识在做什么-《天真的和感伤的小说家》选摘",""
"564","月球上的“铅笔芯”-天文航天系列",""
"565","贝克汉姆之子模特处女秀 日本女子迷恋白马王子游戏","Romeo Beckham launches his modelling career"
"567","2012谷歌搜索什么最火？奥巴马登顶福布斯权势人物榜","Top Google searches in 2012 revealed"
"569","2012科技领域十大败笔 苹果地图获“指错路”奖","Top 10 Tech Fails of 2012"
"570","名字密码：名字决定命运 名字好读易升职？","How monikers can shape our lives from classroom to career path"
"571","女人恋爱学：闻汗识男人 三分钟定天子","Women can sense attraction in men's sweat"
"572","全球人口增长问题","Global Problems of Population Growth"
"573","空气污染：导致智力下降？我们如何自保？",""
"574","男人择偶观：以母亲为标准 人品重于贞节","Mother is role model in son's choice of wife"
"575","灿烂千阳（试读）","A Thousand Splendid Suns"
"576","美军第一狙击手（试读）","American Sniper"
"577","只是孩子（试读）","Just Kids"
"578","锅匠，裁缝，士兵，间谍（试读）","Tinker\, Tailor\, Soldier\, Spy"
"579","埃德加的故事（试读）","The Story of Edgar Sawtelle"
"580","论利润","An Essay on Profits"
"581","阅读魔力：古典文学提升智力 传统童话“少儿不宜”？","Shakespeare and Wordsworth boost the brain\, new research reveals"
"582","美丽新说：大脑里面遇见美 外貌协会他是谁？",""
"583","领导特征：高个秃头左撇子？看美国总统的精神缺陷","How US leaders share character traits with psychopaths"
"584","奥巴马情史：热情又虚伪？前女友情书曝光","Barack Obama's ex-girlfriends speak of his 'sexual warmth'"
"585","看恐怖片能减肥？五大匪夷所思之研究","Watching horror films burns nearly 200 calories a time"
"586","彼岸故事：美国的感恩节与酒文化",""
"587","陨石上发现了地外生命？“外星人”现形记",""
"588","小说鉴赏(双语修订)(第3版)（试读）","Understanding Ficition"
"589","走近华裔建筑大师：贝聿铭与林璎",""
"591","了了（试读）","Everything Is Illuminated"
"592","我生命的速度（试读）","Life at These Speeds"
"593","非洲对女性的审美观","African Perceptions of Female Attractiveness"
"594","人生要有承担失去的勇气（试读）","Soul Surfer"
"595","你知道度假的真正益处吗？","what do you really benefit from the holidays "
"596","骆驼移动图书馆（试读）","The Camel Bookmobile"
"597","波斯少年（试读）","The Persian Boy"
"598","列侬回忆（试读）","Lennon Remembers"
"599","当上帝是只兔子（试读）","When God was a Rabbit"
"600","外星生命的地球样本  2013“阅读季”特献",""
"601","被偷走的人生（试读）","A Stolen Life"
"602","2013奥斯卡：史上最刻薄颁奖典礼","Oscars 2013: the meanest show ever "
"603","松林（英文试读）","Pines"
"604","近视究竟与什么有关？",""
"605","“荒岛”精神之旅","A Voyage of Spiritual Drifting"
"606","“微博”书评报告：微博的力量有多大？  2013“阅读季”特献",""
"607","数据挖掘","Data Mining"
"608","狗的冒险书（试读）","The Dangerous Book For Dogs"
"609","下辈子做猫吧（试读）","The Devious Book For Cats"
"610","焦虑 现代人的蓝色秘密  2013“阅读季”特献",""
"611","单身（试读）","A Single Man"
"612","社交网站引发的“羡慕嫉妒恨”","Is Facebook envy making you miserable "
"613","假装的艺术（试读）","The Art of Faking It"
"614","玻璃村庄（试读）","The Glass Village"
"615","华北雾霾或将伴随光化学烟雾",""
"616","漫话三种着装风格流行的背后",""
"617","浪游之歌（试读）","Wanderlust"
"618","百鬼夜行：阴（试读）",""
"619","2013年两会代表精彩语录双语集锦","2013 NPC and CPPCC：Sound Bites"
"620","寻找另一半的科学方法  2013“阅读季”特献",""
"621","中国民间读书报刊一览  2013“阅读季”特献",""
"622","漫谈三个影视作品中的女性形象",""
"623","人物档案：歇洛克 福尔摩斯  2013“阅读季”特献","Character Document: Sherlock Holmes"
"624","罗杰疑案（试读）","The Murder of Roger Ackroyd"
"625","寓所谜案（试读）","The Murder at the Vicarage"
"626","斯泰尔斯庄园奇案（试读）","The Mysterious Affair at Styles"
"627","为了13亿人的中国梦：记中国国家主席、中央军委主席习近平","Xi Jinping: Pursuing dream for 1.3 billion Chinese"
"628","思考，快与慢（试读）","Thinking\, Fast and Slow"
"629","习惯的力量（试读）","The Power of Habit"
"630","白化士兵","The Adventure of the Blanched Soldier"
"631","萨塞克斯吸血鬼","The Adventure of the Sussex Vampire"
"632","空屋子","The Adventure of the Empty House"
"633","第二块血迹","The Adventure of the Second Stain"
"634","四签名","The Sign of Four"
"635","恐怖谷","The Valley of Fear"
"636","巴斯克维尔的猎犬","The Hound of Baskervilles"
"637","驼背男子","The Crooked Man"
"638","最后一案","The Final Problem"
"639","红发俱乐部","The Red-Headed League"
"640","铜色山毛榉","The Adventure of the Copper Beeches"
"641","绿宝石王冠","The Adventure of the Beryl Coronet"
"642","红圈会","The Adventure of the Red Circle"
"643","布鲁斯-帕廷顿图纸","The Adventure of the Bruce-Partington Plans"
"644","福尔摩斯谢幕演出","His Last Bow"
"645","垃圾食品的科学:垃圾食品为什么让人欲罢不能？",""
"646","雷神桥谜案","The Problem of Thor Bridge"
"647","波希米亚丑闻","A Scandal in Bohemia"
"648","白额闪电","Silver Blaze"
"649","暗红习作","A Study in Scarlet"
"650","剪影美利坚：美国高中生独有的校园情结",""
"651","数字时代至死三部曲：读《娱乐至死》、《网络至死》、《网民的狂欢》  2013“阅读季”特献",""
"652","时间回旋（试读）","Spin"
"654","阅读邻居：北上广书评媒体一览",""
"655","提姆 哈福德: 试验，排除错误和万能神力","Tim Harford: Trial\, error and the God complex"
"656","詹姆斯 卡梅隆：《阿凡达》之前的好奇小男孩","James Cameron: Before Avatar… A Curious Boy"
"657","大脑暗能量  2013“阅读季”特献",""
"658","伦敦塔集雨人（试读）","The Tower\, The Zoo\, and The Tortoise"
"659","有7000多种语言，就有7000多个“平行世界”",""
"660","佛教常识答问（试读）","Essentials of Buddhism: Questions and Answers"
"661","他人的心事：读《我的父亲罗孚》、《北京十年》  2013“阅读季”特献",""
"662","江村经济（试读）",""
"663","当一种语言消亡的时候  2013“阅读季”特献","When a Language Dies"
"664","守门员面对罚点球时的焦虑（试读）","Die Angst des Tormanns beim Elfmeter"
"665","哈佛幸福课（试读）",""
"666","中国文明的开始（试读）","The Beginnings of Chinese Civilization"
"667","中国经济改革发展之路（试读）","Economic Reform and Development  the Chinese Way"
"668","世界城市之最：最脏、最帅、最贵、最宜居城市出炉","World Top Cities:Dirtiest\,Most Handsome\,Expensive and Livable"
"669","这个世界会好吗（试读）","Has Man a Future "
"670","论面相与健康  2013“阅读季”特献","Physiognomy and Health"
"671","走近华裔体育明星：篮球黑马林书豪、花滑传奇关颖珊",""
"672","城市形象：媒体在城市设计和发展中的地位","Imaging the City: The Place of Media in City Design and Development"
"673","定价策略","Pricing"
"674","毒品、政治和文化","Drugs\, Politics\,and Culture"
"675","他说他的 她说她的：两性语言研究    2013“阅读季”特献",""
"676","故乡书情：和故乡有关的30本书  2013“阅读季”特献",""
"677","中国士绅（试读）","China's Gentry"
"678","从生命里过滤语言：读《斯坦纳回忆录：审视后的生命》 2013“阅读季”特献",""
"679","清醒思考的艺术（试读）",""
"680","世界评价撒切尔夫人","World's Comments of Margaret Thatcher"
"681","斯皮尔伯格传（试读）","Steven Spielberg A Biography"
"682","黑蜥蜴（试读）",""
"683","你能用太阳能做什么？",""
"684","揭穿大众心理学骗局  2013“阅读季”特献",""
"685","四种爱（试读）","The Four Loves"
"686","人类的行为真的可以预测吗：读《爆发》、《大数据》  2013“阅读季”特献",""
"687","剪影美利坚：美国高中生独有的社交生活",""
"688","存在主义简论","Existentialism: A Very Short Introduction"
"689","《圣经》纵览","The Bible: A Very Short Introduction"
"690","八大重量级“书痴”的阅读书单  2013“阅读季”特献",""
"691","霍金：我的简史","Hawking: My Brief History"
"692","12件事颠覆未来  2013“阅读季”特献",""
"693","食品的营养与安全误区",""
"694","异域美食之旅：美国三大传统美食与历史渊源",""
"695","揭秘“维基解密”创始人：朱利安 阿桑奇  2013“阅读季”特献",""
"696","你可以幸福（试读）",""
"697","第三大道这间酒馆（试读）",""
"698","书店巡礼：世界各国书店风景一览  2013“阅读季”特献",""
"699","四种爱","The Four Loves"
"700","潜意识：控制你行为的秘密（试读）",""
"701","书店巡礼：特色书店的前世与今生 2013“阅读季”特献",""
