Nid,name,age,category
4796,没有结局的故事,10-12岁,双语阅读
4795,使圆成方,10-12岁,双语阅读
4794,咖啡馆里的世界公民,10-12岁,双语阅读
4725,在塔斯曼的乌龟旁,10-12岁,双语阅读
4726,像古代的阿格斯,10-12岁,双语阅读
4727,拳赛,10-12岁,双语阅读
4728,一千打,10-12岁,双语阅读
4729,铁蹄,10-12岁,双语阅读
4730,野性的呼唤,10-12岁,双语阅读
4689,两个骗子,10-12岁,双语阅读
4690,在江户海湾,10-12岁,双语阅读
4691,击退登船的人,10-12岁,双语阅读
4692,远在他乡,10-12岁,双语阅读
4719,空中冒险,10-12岁,双语阅读
4699,英俊的船舱侍者,10-12岁,双语阅读
4694,丢脸先生,10-12岁,双语阅读
4695,基斯，老基斯之子,10-12岁,双语阅读
4696,在流口水病房里讲的故事,7-9岁,双语阅读
4697,生活对我意味着什么,10-12岁,双语阅读
4698,当世界还年轻的时候,10-12岁,双语阅读
4688,爬上陡坡,10-12岁,双语阅读
4687,杀人,10-12岁,双语阅读
4686,叛逆者,10-12岁,双语阅读
4676,故事的结局,10-12岁,双语阅读
4677,为赶路的人干杯,10-12岁,双语阅读
4678,老头子同盟,10-12岁,双语阅读
4679,克里斯·法林顿——一等水手,10-12岁,双语阅读
4680,陈阿春,10-12岁,双语阅读
4681,圆脸,10-12岁,双语阅读
4682,老秃子,10-12岁,双语阅读
4683,带翅膀的勒索信,10-12岁,双语阅读
4684,终结,10-12岁,双语阅读
4685,只是肉而已,10-12岁,双语阅读
4675,黄金谷,10-12岁,双语阅读
4700,光脸熊,7-9岁,双语阅读
4714,业余爱好者之夜,10-12岁,双语阅读
4715,扶乩,10-12岁,双语阅读
4716,当艾丽斯向上帝告解,10-12岁,双语阅读
4717,拳头,10-12岁,双语阅读
4718,唷！唷！唷！,10-12岁,双语阅读
4720,纳姆－博克，不诚实的人,10-12岁,双语阅读
4721,塞缪尔,10-12岁,双语阅读
4722,森珀·艾德姆,10-12岁,双语阅读
4723,胫骨骨骸,10-12岁,双语阅读
4724,歧途末路,10-12岁,双语阅读
4693,女人的刚毅,10-12岁,双语阅读
4713,一块牛排,10-12岁,双语阅读
4712,北方的奥德赛,10-12岁,双语阅读
4701,金光,10-12岁,双语阅读
4702,莫基,10-12岁,双语阅读
4703,世界公敌,10-12岁,双语阅读
4704,形体的永恒,10-12岁,双语阅读
4705,战争,10-12岁,双语阅读
4706,歌利亚,10-12岁,双语阅读
4707,以活下去为职责的人,10-12岁,双语阅读
4708,那只斑点狗,7-9岁,双语阅读
4709,酒后之勇,10-12岁,双语阅读
4710,再见，杰克,7-9岁,双语阅读
4711,热爱生命,10-12岁,双语阅读
4653,尊为奇人,10-12岁,双语阅读
4654,一只狗的故事,7-9岁,双语阅读
4655,竞选州长,10-12岁,双语阅读
4656,殡仪员的闲谈,10-12岁,双语阅读
4657,饲养家禽,7-9岁,双语阅读
4658,我的前参议员秘书生涯,10-12岁,双语阅读
4652,时尚一例,10-12岁,双语阅读
4651,躺在床上的危险,7-9岁,双语阅读
4650,一次电话交谈,7-9岁,双语阅读
4649,辛格姆·鲍勃先生的文学生涯,10-12岁,双语阅读
4648,气球骗局,10-12岁,双语阅读
4647,斯芬克司,7-9岁,双语阅读
4646,眼镜,7-9岁,双语阅读
4645,同木乃伊对话,7-9岁,双语阅读
4659,经过修订的讣告,10-12岁,双语阅读
4660,已故的本杰明·富兰克林,10-12岁,双语阅读
4674,太多金子,7-9岁,双语阅读
4673,强者的力量,10-12岁,双语阅读
4672,在甲板的天棚下,10-12岁,双语阅读
4671,意外,10-12岁,双语阅读
4670,疑犯从宽,10-12岁,双语阅读
4669,有伤疤的人,10-12岁,双语阅读
4668,棕色的沃尔夫,10-12岁,双语阅读
4667,汤姆·索耶探案,7-9岁,双语阅读
4661,一位健康的老人,10-12岁,双语阅读
4662,漫谈理发师,10-12岁,双语阅读
4663,餐后致辞,10-12岁,双语阅读
4664,诙谐自传,10-12岁,双语阅读
4665,王子与贫儿,7-9岁,双语阅读
4666,汤姆·索耶在国外,7-9岁,双语阅读
4630,诗人与乡巴佬,7-9岁,双语阅读
4629,姑娘和骗局,7-9岁,双语阅读
4628,丛林中的孩子,7-9岁,双语阅读
4627,圣贤的礼物,7-9岁,双语阅读
4626,钟摆,10-12岁,双语阅读
4625,绿门,10-12岁,双语阅读
4624,黄狗自传,7-9岁,双语阅读
4623,一千美元,7-9岁,双语阅读
4622,三叶草和棕榈树,7-9岁,双语阅读
4621,口信,10-12岁,双语阅读
4620,自然调节,10-12岁,双语阅读
4631,哈里发、丘比特和时钟,7-9岁,双语阅读
4632,一个离奇的故事,7-9岁,双语阅读
4633,恭贺佳节,10-12岁,双语阅读
4644,骗术,10-12岁,双语阅读
4643,绝境,10-12岁,双语阅读
4642,最后一片藤叶,10-12岁,双语阅读
4641,风险家,10-12岁,双语阅读
4640,灵魂和摩天大楼,10-12岁,双语阅读
4639,复活日那天,7-9岁,双语阅读
4638,哈里发和莽汉,7-9岁,双语阅读
4637,麦克的赎金,7-9岁,双语阅读
4636,“干谷”约翰逊的小阳春,10-12岁,双语阅读
4635,最后的处方,10-12岁,双语阅读
4634,决斗,10-12岁,双语阅读
4617,迷人的侧影,10-12岁,双语阅读
4618,新婚的姊妹们,10-12岁,双语阅读
4619,华而不实,10-12岁,双语阅读
4593,一个老兵的故事,10-12岁,双语阅读
4592,马普希的房子,10-12岁,双语阅读
4591,神灵微笑时,7-9岁,双语阅读
4590,美人李婉,7-9岁,双语阅读
4589,两位感恩节的绅士,7-9岁,双语阅读
4588,一个纽约人的成长,7-9岁,双语阅读
4587,狐狸把戏,7-9岁,双语阅读
4586,彼得·潘,7-9岁,双语阅读
4585,内河航行记,7-9岁,双语阅读
4584,笔杆子、画笔和毒药,10-12岁,双语阅读
4583,一个自己的房间,10-12岁,双语阅读
4582,魔沼,7-9岁,双语阅读
4581,达洛维夫人,10-12岁,双语阅读
4594,彩虹的尽头,7-9岁,双语阅读
4595,麻风病人库鲁,7-9岁,双语阅读
4607,一个好心人的奇迹,7-9岁,双语阅读
4606,约翰·英格菲尔德的感恩节,7-9岁,双语阅读
4605,格林童话（五）,7-9岁,双语阅读
4604,格林童话（四）,7-9岁,双语阅读
4603,格林童话（三）,7-9岁,双语阅读
4602,格林童话（二）,7-9岁,双语阅读
4601,大草原之旅,7-9岁,双语阅读
4600,马贩子的女儿,7-9岁,双语阅读
4599,画家历险记,7-9岁,双语阅读
4598,沃尔弗特·韦伯或黄金梦,7-9岁,双语阅读
4597,我姨妈的奇遇,7-9岁,双语阅读
4596,胆小鬼，内戈雷,7-9岁,双语阅读
4608,点金术,7-9岁,双语阅读
4580,女掌柜,10-12岁,双语阅读
4531,古老的泰孔德罗加,10-12岁,双语阅读
4544,贵族之家,10-12岁,双语阅读
4545,春潮,10-12岁,双语阅读
4546,木木,10-12岁,双语阅读
4547,罗亭,10-12岁,双语阅读
4548,前夜,10-12岁,双语阅读
4549,初恋,10-12岁,双语阅读
4550,戈迪萨尔二世,7-9岁,双语阅读
4551,红房子旅馆,7-9岁,双语阅读
4552,神秘的杰作,7-9岁,双语阅读
4553,新兵,10-12岁,双语阅读
4543,小小说,10-12岁,双语阅读
4542,越野滑雪,10-12岁,双语阅读
4532,石人,7-9岁,双语阅读
4533,威廉·菲普斯爵士,10-12岁,双语阅读
4534,遗孀,10-12岁,双语阅读
4535,胎痣,10-12岁,双语阅读
4536,坎特伯雷的朝圣者,10-12岁,双语阅读
4537,蓓蕾和鸟鸣,7-9岁,双语阅读
4538,三个金苹果,7-9岁,双语阅读
4539,得了条明眼狗,7-9岁,双语阅读
4540,度夏的人们,10-12岁,双语阅读
4541,蝴蝶和坦克,7-9岁,双语阅读
4554,菲尔米亚尼夫人,10-12岁,双语阅读
4555,妇女研究,10-12岁,双语阅读
4556,海滨惨剧,10-12岁,双语阅读
4570,帕克妈妈的一生,10-12岁,双语阅读
4571,一杯茶,10-12岁,双语阅读
4572,鸽子先生和鸽子太太,7-9岁,双语阅读
4573,雷金纳德的一天,7-9岁,双语阅读
4574,唱歌课,7-9岁,双语阅读
4575,画册的一页,7-9岁,双语阅读
4576,陌生人,10-12岁,双语阅读
4577,男爵夫人的妹妹,10-12岁,双语阅读
4578,心理,10-12岁,双语阅读
4579,花园茶会,10-12岁,双语阅读
4569,幸福,10-12岁,双语阅读
4568,男爵,10-12岁,双语阅读
4567,夜阑,10-12岁,双语阅读
4557,妇女再研究,10-12岁,双语阅读
4558,长寿药水,7-9岁,双语阅读
4559,老姑娘,7-9岁,双语阅读
4560,发明家的苦难,10-12岁,双语阅读
4561,古物陈列室,10-12岁,双语阅读
4562,欧仁妮·葛朗台,10-12岁,双语阅读
4563,公务员,10-12岁,双语阅读
4564,婚约,10-12岁,双语阅读
4565,高老头,10-12岁,双语阅读
4566,莫黛斯特·米尼翁,10-12岁,双语阅读
4498,生病的矿工,10-12岁,双语阅读
4497,白丝袜,10-12岁,双语阅读
4496,诺丁汉矿乡杂记,7-9岁,双语阅读
4495,出人头地,10-12岁,双语阅读
4499,范妮与安妮,7-9岁,双语阅读
4500,两只蓝鸟,7-9岁,双语阅读
4501,洗礼,10-12岁,双语阅读
4502,太阳,7-9岁,双语阅读
4503,母与女,7-9岁,双语阅读
4504,英格兰，我的英格兰,10-12岁,双语阅读
4505,阿道夫,10-12岁,双语阅读
4494,被文明奴役,10-12岁,双语阅读
4493,墙上的那些画,10-12岁,双语阅读
4492,性的魅力,10-12岁,双语阅读
4482,泰拉奇纳的旅店,7-9岁,双语阅读
4483,波普金斯历险记,7-9岁,双语阅读
4484,德国学生的奇遇,7-9岁,双语阅读
4485,英国人历险记,7-9岁,双语阅读
4486,矮小考古家的奇遇,7-9岁,双语阅读
4487,神秘陌生人的奇遇,7-9岁,双语阅读
4488,英国还是男人的国家吗,10-12岁,双语阅读
4489,作画,10-12岁,双语阅读
4490,回乡,10-12岁,双语阅读
4491,真实的自我,10-12岁,双语阅读
4481,迟来的旅客,10-12岁,双语阅读
4506,美妇人,10-12岁,双语阅读
4520,格林童话（一）,7-9岁,双语阅读
4521,伊索寓言（一）,7-9岁,双语阅读
4522,伊索寓言（二）,7-9岁,双语阅读
4523,伊索寓言（三）,7-9岁,双语阅读
4524,伊索寓言（四）,7-9岁,双语阅读
4525,伊索寓言（五）,7-9岁,双语阅读
4526,年轻的古德曼·布朗,7-9岁,双语阅读
4527,小水仙,7-9岁,双语阅读
4528,客迈拉,7-9岁,双语阅读
4529,西弗尔•埃瑟里奇,7-9岁,双语阅读
4530,手稿中的魔鬼,7-9岁,双语阅读
4519,骑马而去的女子,10-12岁,双语阅读
4518,盲人,10-12岁,双语阅读
4507,吉米和绝望的女人,10-12岁,双语阅读
4508,菊香,10-12岁,双语阅读
4509,萨姆森和德莱拉,10-12岁,双语阅读
4510,轮到她了,10-12岁,双语阅读
4511,骑木马的优胜者,7-9岁,双语阅读
4512,公主,7-9岁,双语阅读
4513,春天的阴影,10-12岁,双语阅读
4514,你摸了我,10-12岁,双语阅读
4515,肉中刺,10-12岁,双语阅读
4516,玫瑰花园里的暗影,10-12岁,双语阅读
4517,狐狸,7-9岁,双语阅读
4412,悠游度过一天的24小时,10-12岁,双语阅读
4413,寻找精神家园,10-12岁,双语阅读
4414,琐事集,10-12岁,双语阅读
4415,芝麻与百合,7-9岁,双语阅读
4411,平凡人和他的妻子,10-12岁,双语阅读
4410,石榴屋童话集,7-9岁,双语阅读
4409,英国的文艺复兴,10-12岁,双语阅读
4408,金银岛,10-12岁,双语阅读
4407,卡特里奥娜,10-12岁,双语阅读
4406,雅各布哥哥,10-12岁,双语阅读
4405,小人物日记,10-12岁,双语阅读
4416,文艺复兴,10-12岁,双语阅读
4417,漫游东西世界,7-9岁,双语阅读
4418,四季随笔,10-12岁,双语阅读
4428,回合之间,10-12岁,双语阅读
4427,二十年后,10-12岁,双语阅读
4426,城市佬,10-12岁,双语阅读
4425,生活的陀螺,10-12岁,双语阅读
4424,鞋,7-9岁,双语阅读
4423,小王子,7-9岁,双语阅读
4422,凯尔特的薄暮,10-12岁,双语阅读
4421,我的童年,10-12岁,双语阅读
4420,我的知识之路,10-12岁,双语阅读
4419,塞文山驴伴之旅,7-9岁,双语阅读
4429,托宾的手相,7-9岁,双语阅读
4404,海浪,10-12岁,双语阅读
4390,科隆巴,10-12岁,双语阅读
4389,卡门,10-12岁,双语阅读
4388,吝啬鬼,10-12岁,双语阅读
4387,童年,10-12岁,双语阅读
4386,伊凡·伊里奇之死,10-12岁,双语阅读
4385,戴西·米勒,10-12岁,双语阅读
4384,了不起的盖茨比,10-12岁,双语阅读
4383,雾都孤儿,10-12岁,双语阅读
4382,远大前程,10-12岁,双语阅读
4381,简·爱,10-12岁,双语阅读
4391,双重人格,10-12岁,双语阅读
4392,黑郁金香,10-12岁,双语阅读
4393,变形记,10-12岁,双语阅读
4403,懒人闲思录,10-12岁,双语阅读
4402,三人同舟,10-12岁,双语阅读
4401,时光机器,10-12岁,双语阅读
4400,新型加速剂,10-12岁,双语阅读
4399,水晶蛋,7-9岁,双语阅读
4398,从地球到月球,7-9岁,双语阅读
4397,神秘岛,7-9岁,双语阅读
4396,地下城,7-9岁,双语阅读
4395,教师,10-12岁,双语阅读
4394,秘密花园,7-9岁,双语阅读
4475,魔鬼和汤姆·沃克,7-9岁,双语阅读
4430,爱的牺牲,10-12岁,双语阅读
4480,海盗基德,7-9岁,双语阅读
4466,圣经故事全景画家,10-12岁,双语阅读
4465,“两岁婴孩”的妙语,7-9岁,双语阅读
4464,办公室里的讨厌鬼,10-12岁,双语阅读
4463,科学对阵运气,10-12岁,双语阅读
4462,运气,10-12岁,双语阅读
4461,中国人约翰在纽约,10-12岁,双语阅读
4460,历史重现,10-12岁,双语阅读
4459,第一台打字机,10-12岁,双语阅读
4458,威廉三世的肖像,10-12岁,双语阅读
4457,红死病魔的面具,7-9岁,双语阅读
4467,猎捕狡猾的火鸡,7-9岁,双语阅读
4468,爱尔兰的“教派口号”,10-12岁,双语阅读
4469,一次神秘的拜访,10-12岁,双语阅读
4479,鬼门关,10-12岁,双语阅读
4478,神秘画像的奇遇,7-9岁,双语阅读
4477,年轻强盗的故事,7-9岁,双语阅读
4476,强盗首领的故事,7-9岁,双语阅读
4449,篝火旁的纽约,10-12岁,双语阅读
4474,黑人渔夫萨姆历险记,7-9岁,双语阅读
4473,马丁·伊登,10-12岁,双语阅读
4472,人生的五种恩赐,10-12岁,双语阅读
4471,一篇有趣的文章,10-12岁,双语阅读
4470,给小女孩的忠告,10-12岁,双语阅读
4456,一桶白葡萄酒,10-12岁,双语阅读
4455,钟楼里的魔鬼,7-9岁,双语阅读
4441,同病相怜,10-12岁,双语阅读
4440,与睡神抗争,7-9岁,双语阅读
4439,带天窗的房间,10-12岁,双语阅读
4438,安宁的长袍,10-12岁,双语阅读
4437,闪光的金子,7-9岁,双语阅读
4436,第五个车轮,7-9岁,双语阅读
4435,失语漫游,10-12岁,双语阅读
4434,警察与赞美诗,10-12岁,双语阅读
4433,带家具出租的房间,10-12岁,双语阅读
4432,红酋长的赎金,7-9岁,双语阅读
4431,闪锌矿的卖主,7-9岁,双语阅读
4442,最后的行吟诗人,10-12岁,双语阅读
4443,沙姆罗克·乔尔摩斯历险记,7-9岁,双语阅读
4454,生意人,10-12岁,双语阅读
4453,焦油博士和羽毛教授的疗法,10-12岁,双语阅读
4452,跳蛙,7-9岁,双语阅读
4451,言语的力量,10-12岁,双语阅读
4450,瓶中手稿,10-12岁,双语阅读
4444,公主与美洲狮,7-9岁,双语阅读
4448,新天方夜谭,7-9岁,双语阅读
4447,姑娘与习惯,7-9岁,双语阅读
4446,带磨坊的教堂,10-12岁,双语阅读
4445,巴格达之鸡,7-9岁,双语阅读
4376,走投无路,10-12岁,双语阅读
4377,水仙号上的黑鬼,10-12岁,双语阅读
4378,苹果树,7-9岁,双语阅读
4379,劝导,10-12岁,双语阅读
4380,鼠疫,10-12岁,双语阅读
4375,鲁滨孙漂流记,10-12岁,双语阅读
4374,都柏林人,10-12岁,双语阅读
4373,小城畸人,10-12岁,双语阅读
4372,觉醒,10-12岁,双语阅读
4371,一个陌生女人的来信,10-12岁,双语阅读