"书名","fenlei","nianling","bid"
"寓言一则","双语阅读","7-9岁","401"
"鬼故事","双语阅读","7-9岁","402"
"怪物之母","双语阅读","7-9岁","403"
"一座新比彻教堂","双语阅读","7-9岁","404"
"魔球小子和坏人","双语阅读","7-9岁","405"
"乔治·华盛顿外传","双语阅读","10-12岁","406"
"招供","双语阅读","10-12岁","407"
"牢骚父亲","双语阅读","7-9岁","408"
"懦夫盖拉尔德受惩记","双语阅读","7-9岁","409"
"德国萨根菲尔德的传说","双语阅读","10-12岁","410"
"尼亚加拉","双语阅读","10-12岁","411"
"犹大老爹","双语阅读","10-12岁","412"
"跛子","双语阅读","10-12岁","413"
"聪明的兔子","双语阅读","7-9岁","414"
"科蒙戈树的神圣汁液","双语阅读","7-9岁","415"
"被偷的白象","双语阅读","10-12岁","416"
"坏孩子的故事","双语阅读","7-9岁","417"
"好孩子的故事","双语阅读","7-9岁","418"
"亚拉的故事","双语阅读","7-9岁","419"
"替身","双语阅读","10-12岁","420"
"真实的故事","双语阅读","10-12岁","421"
"我生命的转折点","双语阅读","10-12岁","422"
"海龟和他的新娘","双语阅读","7-9岁","423"
"白猿","双语阅读","10-12岁","424"
"脱胎换骨的人","双语阅读","10-12岁","425"
"“恐怖统治”时期的一名委员","双语阅读","10-12岁","426"
"一笔买卖","双语阅读","10-12岁","427"
"月光","双语阅读","10-12岁","428"
"晚到的骑兵","双语阅读","10-12岁","429"
"插曲","双语阅读","10-12岁","430"
"我是如何编辑农业报的","双语阅读","10-12岁","431"
"小拇指","双语阅读","7-9岁","432"
"约翰·霍斯利爵士","双语阅读","10-12岁","433"
"我们的信","双语阅读","10-12岁","434"
"自杀事件","双语阅读","10-12岁","435"
"铜指环","双语阅读","7-9岁","436"
"奇怪的梦","双语阅读","10-12岁","437"
"巴伦特雷少爷","双语阅读","10-12岁","438"
"学发抖的年轻人","双语阅读","7-9岁","439"
"阿斯木得和西格尼","双语阅读","7-9岁","440"
"刽子手","双语阅读","10-12岁","441"
"哈博基","双语阅读","7-9岁","442"
"带球人是怎样完成他的任务的","双语阅读","7-9岁","443"
"弟弟救哥哥","双语阅读","7-9岁","444"
"一只名叫基萨的猫","双语阅读","7-9岁","445"
"十月和六月","双语阅读","10-12岁","446"
"鲁贝察尔","双语阅读","7-9岁","447"
"想战胜命运的国王","双语阅读","7-9岁","448"
"一只乌龟的故事和一只淘气猴子的故事","双语阅读","7-9岁","449"
"天气寒暄冠军","双语阅读","10-12岁","450"
"我们庆祝的日子","双语阅读","10-12岁","451"
"迦梨女神的钻石","双语阅读","10-12岁","452"
"四十大盗","双语阅读","7-9岁","453"
"狐狸和拉普人","双语阅读","7-9岁","454"
"大科尼岛","双语阅读","10-12岁","455"
"老鼠嫁女","双语阅读","7-9岁","456"
"尤利乌斯·恺撒之死的“本地报道”","双语阅读","10-12岁","457"
"鱼骑士","双语阅读","7-9岁","458"
"高高在上的女士","双语阅读","10-12岁","459"
"德意志军团里忧郁的轻骑兵","双语阅读","10-12岁","460"
"美人鱼与男孩","双语阅读","7-9岁","461"
"城市的骄傲","双语阅读","10-12岁","462"
"普鲁士军官","双语阅读","10-12岁","463"
"太阳妹妹","双语阅读","7-9岁","464"
"林中的睡美人","双语阅读","7-9岁","465"
"侦探","双语阅读","10-12岁","466"
"邪恶的狼獾","双语阅读","7-9岁","467"
"博妻欢心","双语阅读","10-12岁","468"
"马丁·伯尼的转变","双语阅读","10-12岁","469"
"尤利西斯和狗人","双语阅读","10-12岁","470"
"玫瑰对柏树做了什么","双语阅读","7-9岁","471"
"谁的丈夫更蠢","双语阅读","7-9岁","472"
"彗星来临","双语阅读","10-12岁","473"
"无神论者做弥撒 ","双语阅读","10-12岁","474"
"法西诺·卡内 ","双语阅读","10-12岁","475"
"信使 ","双语阅读","10-12岁","476"
"地狱之火 ","双语阅读","10-12岁","477"
"地下餐馆和玫瑰 ","双语阅读","10-12岁","478"
"命运的震荡 ","双语阅读","10-12岁","479"
"汽车等待的时候 ","双语阅读","10-12岁","480"
"刎颈之交 ","双语阅读","10-12岁","481"
"丢失的琴弦 ","双语阅读","10-12岁","482"
"不过是插曲罢了 ","双语阅读","10-12岁","483"
"拉里尔舞曲的小提琴手 ","双语阅读","10-12岁","484"
"牧羊人之所见：四个月夜的故事 ","双语阅读","10-12岁","485"
"乔治·费希尔案件 ","双语阅读","10-12岁","486"
"蓝胡子 ","双语阅读","7-9岁","487"
"灰姑娘，或小玻璃鞋 ","双语阅读","7-9岁","488"
"费利西娅与一盆石竹花 ","双语阅读","7-9岁","489"
"汉塞尔与格莱特 ","双语阅读","7-9岁","490"
"小红帽 ","双语阅读","7-9岁","491"
"海辛斯王子和可爱小公主 ","双语阅读","7-9岁","492"
"侏儒怪 ","双语阅读","7-9岁","493"
"雪白与玫瑰红 ","双语阅读","7-9岁","494"
"诺罗威的黑公牛","双语阅读","7-9岁","495"
"勇敢的小裁缝 ","双语阅读","7-9岁","496"
"牧鹅姑娘 ","双语阅读","7-9岁","497"
"巨人杀手杰克传奇 ","双语阅读","7-9岁","498"
"惠廷顿传奇 ","双语阅读","7-9岁","499"
"穿靴子的猫咪 ","双语阅读","7-9岁","500"
"红色的埃廷","双语阅读","7-9岁","501"
"睡莲花 ","双语阅读","7-9岁","502"
"忠实的约翰 ","双语阅读","7-9岁","503"
"蟾蜍与钻石 ","双语阅读","7-9岁","504"
"海水为什么是咸的 ","双语阅读","7-9岁","505"
"老福赛特的印第安之夏 ","双语阅读","10-12岁","506"
"莉齐·利 ","双语阅读","10-12岁","507"
"追求至美的艺术家 ","双语阅读","10-12岁","508"
"被遗弃的女人 ","双语阅读","10-12岁","509"
"一个非洲故事 ","双语阅读","10-12岁","510"
"有人影的远景 ","双语阅读","10-12岁","511"
"忠贞的公牛 ","双语阅读","7-9岁","512"
"毒药 ","双语阅读","10-12岁","513"
"阳阳和月月 ","双语阅读","7-9岁","514"
"花朵 ","双语阅读","7-9岁","515"
"美中不足","双语阅读","7-9岁","516"
"多尔蒂的启发 ","双语阅读","10-12岁","517"
"各尽所能 ","双语阅读","10-12岁","518"
"牧场上的博皮普夫人 ","双语阅读","10-12岁","519"
"四不像 ","双语阅读","7-9岁","520"
"樵夫的命运 ","双语阅读","7-9岁","521"
"一些野生动物是怎样被驯服的 ","双语阅读","7-9岁","522"
"皮维和卡博 ","双语阅读","7-9岁","523"
"纯朴真诚的瓦利·戴德的故事 ","双语阅读","7-9岁","524"
"沼泽怪兽 ","双语阅读","7-9岁","525"
"精灵姑娘 ","双语阅读","7-9岁","526"
"魔法人头 ","双语阅读","7-9岁","527"
" 四份特别的礼物 ","双语阅读","7-9岁","528"
" 三只狗 ","双语阅读","7-9岁","529"
"六只饥肠辘辘的动物 ","双语阅读","7-9岁","530"
"坚强的王子 ","双语阅读","7-9岁","531"
